zone_id,area_km2,n_segments,total_length_m,avg_seg_length_m,n_buildings,total_footprint_m2,avg_footprint_m2,street_density_km_km2,building_density_n_km2,building_coverage_pct
1451,0.12116739662077933,1395,39352702.28802216,28209.82242868972,1,11083.08644290945,11083.08644290945,324779.63037520164,8.253045191106361,9.146921327026995
1490,2.1683439474456483,1313,32540731.63099799,24783.497053311494,924,228458.59203709813,247.24955848170794,15007.181710877378,426.1316573362312,10.536086413146164
1452,1.716347550951356,1312,34910930.79204498,26608.94115247331,730,197326.5953177697,270.31040454489,20340.24564121303,425.3217826397501,11.496890312710462
1106,2.7761036386776405,2822,81323546.52915488,28817.698982691312,1184,284302.61891718686,240.12045516654297,29294.13203315862,426.4970455368094,10.241066470148448
1255,3.0051403086296604,367,9107228.690464567,24815.337031238603,199,54279.983774382905,272.7637375597131,3030.5502423004837,66.21986981058589,1.8062379190253015
1368,17.61767220012563,744,13926227.970151247,18718.048346977484,842,265710.2868640606,315.5704119525661,790.4692408825691,47.79292011086435,1.5082031487801544
1489,2.68197507986546,1310,30938382.840157498,23617.086137524806,882,213580.42800382976,242.15468027645096,11535.671256762575,328.86211606568884,7.9635500570924
1242,0.9033065331516336,1417,32576119.93134731,22989.498892976226,445,104980.89745045164,235.91212910213852,36063.19531166163,492.6345417290368,11.621846360855336
1450,0.3595052825095769,1054,24417594.55692189,23166.59825134904,143,32987.03584293871,230.67857232824275,67919.98823069151,397.7688422316593,9.17567486426572
1410,4.6282982267463995,572,12051797.091688804,21069.575335120287,497,131261.1987984688,264.10703983595334,2603.937019884083,107.38288149365452,2.8360574960344067
1241,1.7546673928969685,1123,24563045.711452767,21872.70321589739,872,168207.54511817434,192.89856091533755,13998.690470277106,496.96028063775765,9.586292296710573
1243,2.737479409877933,1612,28627813.472383674,17759.189498997315,1063,290941.92092989886,273.6988908089359,10457.727414892308,388.31342298475965,10.628095315714987
1411,2.910127206199532,639,10934184.664164912,17111.400100414572,589,129000.69048596383,219.01645243796915,3757.2875305490043,202.39665082173573,4.4328196448302934
1461,3.8632879296084726,581,8595335.453710804,14794.036925491917,481,128254.98157891184,266.64237334493106,2224.875704405989,124.50534590331382,3.319840092579119
1460,5.316975074051562,1476,26512007.23223128,17962.064520481897,383,106827.76197659108,278.92366051329265,4986.295189085587,72.03343906371788,2.0091830503013397
1369,8.213044697235972,645,13750568.983236669,21318.711601917315,543,142921.2843971435,263.20678526177437,1674.2352550284186,66.11433640227744,1.7401741944158955
1172,1.6699851132705397,898,16167125.48622639,18003.480496911347,156,50089.93676999279,321.08933826918457,9680.999763263933,93.41400636469494,2.99942414887133
1072,3.198381899201015,1107,23263003.943852585,21014.45704051724,638,145583.6278551584,228.18750447516993,7273.366557528323,199.47586626830844,4.5517900126788025
1181,3.2681020278591544,323,8297232.172008363,25688.02530033549,415,84534.19687661881,203.69685994365977,2538.8534694688387,126.98501958087745,2.586644974850889
1179,3.611834662950091,1068,29223088.88670982,27362.442777818185,206,33757.926225120704,163.87342827728497,8090.926527306999,57.03472590069845,0.9346476064202716
1083,12.732747987214884,243,6727748.236939483,27686.206736376476,574,121590.80082012978,211.83066344970345,528.3814808629608,45.08060636842579,0.9549454755738562
1180,4.533505761401849,1358,38300633.57611131,28203.706609802142,339,61006.49523465401,179.96016293408263,8448.347833193886,74.77656759284112,1.3456803287659131
1245,2.717538783998451,618,18800089.43606329,30420.856692659047,591,124157.30383663448,210.08004033271487,6918.0574521191475,217.47619702061147,4.56874082414955
1246,4.635655471455642,895,26483468.535089765,29590.467636971804,183,30690.840953735064,167.70951340838832,5712.993275312087,39.47661795119044,0.6620604387602997
1318,1.8635010023220608,1545,55886163.71124631,36172.274246761364,432,193065.3127599728,446.91044620364073,29989.875852821115,231.82171593237453,10.360354650703115
1320,0.659305424625728,659,24051614.94239665,36497.13951805258,224,44350.30656092481,197.9924400041286,36480.23214134811,339.7514894210971,6.726822638551991
1391,1.7038452393260635,1543,51388900.41381548,33304.53688516882,800,128768.02410661402,160.9600301332675,30160.5446479058,469.5262113808123,7.557495313221447
1319,0.9287706539715824,3982,136140542.475381,34188.98605609769,81,82061.73712243517,1013.1078657090761,146581.4427848476,87.21205784617561,8.835522178863545
1459,0.49230669010765243,2028,69343706.56892288,34193.14919572134,8,13721.690090816031,1715.211261352004,140854.6907086709,16.250033080498348,2.7872239737013356
1356,0.6589427013029463,1172,39091119.9055204,33354.19787160444,345,53765.63699021738,155.84242605860112,59324.004694527175,523.5660085737677,8.15937969779543
1357,0.8621877353295461,1247,42295367.17426574,33917.69621031736,643,113003.23190541452,175.74375101930718,49055.86734900557,745.7772520438742,13.106569169906173
1390,3.9861264572744655,2136,67557199.74487148,31627.902502280656,1008,255473.16191348192,253.4455971363908,16948.082422619394,252.87707522686705,6.409058133297734
1315,3.452518618731434,1106,34001246.01448643,30742.537083622454,340,301816.10719447944,887.6944329249395,9848.244070289642,98.47883170139916,8.741911066228408
1314,2.164121476038414,718,22756086.089865025,31693.713217082208,295,56562.34357093606,191.73675786757985,10515.161159770818,136.31397463880793,2.613639954928854
1316,1.094434124778318,811,24232602.554825105,29879.904506566098,183,103781.64119321907,567.1127934055687,22141.673040150785,167.20969847049258,9.48267591841039
1355,0.7536534041791645,1697,52777621.35403772,31100.542931077027,344,58585.441037072545,170.30651464265276,70029.03597512444,456.44323782318054,7.773525696587334
1309,1.8623407638089524,1367,40191248.39376199,29401.0595418888,312,98081.0163669699,314.36223194541634,21581.038859698718,167.53110175276515,5.26654510672739
1483,1.4891518751908428,4310,145435220.965688,33743.67075770023,32,38086.733819504356,1190.2104318595111,97663.12180015197,21.488741701311714,2.5576124540435696
1484,1.784626340480166,4923,161112229.38848594,32726.432945050972,269,85113.36871946468,316.4065751652962,90277.85017738647,150.7318332685954,4.769254313290274
1482,0.9055515430646767,6359,213186526.90303493,33525.165419568315,45,64972.11136314553,1443.8246969587894,235421.74770255858,49.693471724100405,7.174866175287945
1466,0.7720434031248217,1831,61880887.832442485,33796.22492214226,417,75923.238812524,182.07011705641247,80152.08417296427,540.1250736839477,9.834063539073973
1358,1.60685401899354,2030,63937329.81869946,31496.221585566236,482,101108.8585460919,209.76941607073007,39790.378629881314,299.9650212792216,6.292348735538644
1359,1.9433858818358674,3682,119407572.86186895,32430.08497063252,679,172644.51846430602,254.26291379131962,61443.05872442978,349.39020929727343,8.883697266608376
1251,0.21822285300765307,2090,62522713.90970568,29915.174119476404,18,29605.574309117037,1644.75412828428,286508.5532884726,82.48448662417928,13.566669989452834
1253,0.5099243544158095,5897,181792887.25479844,30828.029041003636,36,67186.64150976817,1866.2955974935603,356509.520834846,70.59870682435455,13.17580557350315
1323,0.48060096085910053,5020,162073946.42550433,32285.646698307635,42,45529.154580420945,1084.0274900100226,337231.84018564643,87.39058682887921,9.473379849061287
1321,2.3996028998487122,3882,117844918.959816,30356.753982435857,1028,230078.42108732826,223.81169366471622,49110.17525743354,428.4042164079783,9.588187324737522
1332,3.858870720868964,3908,115555825.54010203,29569.044406372068,1225,288918.17989753565,235.85157542655972,29945.5032051658,317.4503860352562,7.487117366618472
1333,3.4638700016590613,3571,100676993.83812337,28192.94142764586,1058,203099.0236727724,191.9650507304087,29064.88805581703,305.4387143551168,5.863355829621081
1448,3.6411895837323427,1722,45565043.664741,26460.536390674217,936,198768.3024849245,212.35929752662872,12513.779526424792,257.05884807035187,5.45888363992243
1449,2.3943898104406274,1877,52144910.812273555,27780.986048094594,549,92089.9409608187,167.74124036579,21777.953859015794,229.28597407410882,3.8460713689669377
1431,3.8695327707161895,580,17815442.172532942,30716.279607815417,941,143887.6613997733,152.90931073302156,4604.029279027293,243.18181438371323,3.7184763620219186
1432,2.006691566710125,169,4319069.865961575,25556.626425808136,282,66956.47584253101,237.43431149833694,2152.3336907437565,140.52981767513256,3.3366600504681925
1502,4.755446353617417,281,6085109.130958783,21655.192636863998,988,215831.6002103732,218.4530366501753,1279.6084065441946,207.76178018461695,4.538619178117578
1298,4.3930361542731,692,15787828.066380588,22814.780442746516,1132,288939.0395452017,255.24650136501916,3593.830670167327,257.6805562819931,6.577206046077065
1325,0.7073459584204718,6422,199832814.26462278,31116.91284095652,59,68484.3985290713,1160.7525174418865,282510.71754316153,83.4103868095169,9.681881646994825
1322,1.7004593783446185,9274,292869720.5990757,31579.655013918014,816,168703.4912915538,206.7444746220022,172229.76586725737,479.87032821352574,9.921053889319314
1250,0.4929287747298809,2921,84564851.12712193,28950.650848039004,100,57399.734697343265,573.9973469734326,171555.9234160401,202.86906572820547,11.644630551096888
1097,1.941190327440395,3187,102914038.4508171,32291.82254496928,515,202932.74870109608,394.04417223513803,53015.9443904282,265.30113648313204,10.454036671853714
1464,0.31788909013578565,6691,203707893.37639478,30445.05953914135,54,24651.0692952516,456.5012832454,640814.358521651,169.870567048822,7.7546131843411015
1324,1.5052022343727351,8167,253808057.40547726,31077.26918152042,846,136020.55849538004,160.78080200399532,168620.56912322284,562.0507202824839,9.0366965573941
1252,0.22003965936745995,2839,84503601.86558065,29765.27011820382,25,30305.72618254979,1212.2290473019916,384038.0507245835,113.61588211809905,13.772847253839862
1360,0.37752638137625577,6877,203571452.5416554,29601.781669573273,20,47634.94372312618,2381.747186156309,539224.4425397363,52.97643022214999,12.617646361421182
1240,0.5563343347295843,2573,77484603.10448256,30114.497903024705,81,75116.56759831887,927.3650320780107,139277.04667400272,145.59590329683934,13.502054953130035
1288,5.660481238212963,873,27921582.00006136,31983.48453615276,1107,249828.24522922936,225.68043832812046,4932.722294275516,195.56641094874195,4.413551334516942
1425,3.3555649591449175,1193,39183984.99978415,32844.91617752234,419,114991.35687157323,274.4423791684325,11677.313798678246,124.86719974176026,3.426885137722857
1287,8.00666710298464,915,31116211.60329281,34006.78863747848,1092,226827.17919408914,207.7171970641842,3886.287665399957,136.38633728045667,2.832978769774691
1427,3.252675747377201,853,30281371.833684586,35499.84974640631,694,183593.51641035345,264.5439717728436,9309.680455576306,213.3627984774098,5.644384213778281
1290,11.97280847071892,350,12351363.981663587,35289.611376181674,526,99738.98249329891,189.61783743973177,1031.6179375850263,43.932883524062234,0.8330458366324303
1289,18.168099017425124,207,8323008.890487855,40207.77241781573,500,91045.02775997024,182.09005551994048,458.1111586030664,27.520765905142152,0.501125779161862
1281,6.286758126058991,340,12665963.521408083,37252.83388649436,669,117524.17316178992,175.67140980835563,2014.7050781080477,106.41414646238015,1.869392313259916
1492,3.5553065267526973,2200,70734190.56364545,32151.904801657023,403,143196.65284505888,355.3266819976647,19895.384555843568,113.3516890787156,4.027687957917094
1493,3.8161663670787522,2397,77325150.59762539,32259.13666984789,1052,150700.43788851667,143.25136681417933,20262.520854618095,275.66932329664087,3.9490007350983696
1093,2.111875090585208,1581,53234706.489656545,33671.541106677134,589,125249.85460583559,212.64831002688555,25207.31776560943,278.8990706059164,5.930741603241715
1286,0.7308561342896887,1103,34977287.85651707,31711.049733923,155,90526.46280919839,584.0416955432154,47857.96576847661,212.08004247052378,12.386358759536185
1284,0.5232510890961143,398,13496873.22594638,33911.741773734626,134,63951.64323201945,477.2510688956675,25794.25730247679,256.091201322633,12.22197995660022
1426,1.7924790056705495,1169,39000170.39267097,33361.993492447364,435,133662.6446812208,307.2704475430363,21757.67206717234,242.68066662084593,7.45685970426297
1428,1.153380624654758,749,27261456.325333912,36397.137951046614,204,90946.01305281646,445.81378947459046,23636.13168332362,176.87136027715346,7.885169137468333
1274,1.5336836384302794,331,12661780.171167843,38253.11229960073,418,94474.15230033975,226.0147184218654,8255.796602307852,272.5464297368535,6.159950457385968
1273,2.3473121318511687,365,14392096.707701951,39430.401938909454,714,164481.24725288057,230.3658925110372,6131.309301567773,304.17769767879815,7.0072166807728795
1271,3.4740063344997774,488,18264773.147743363,37427.81382734296,891,221172.6712333838,248.22970957731064,5257.553207764461,256.47621627848736,6.366501668029644
1094,2.269655471060218,966,37792225.29932339,39122.386438222966,725,132097.46330877175,182.2033976672714,16651.084616675147,319.4317416208252,5.82015486460883
1201,1.1776272020463232,575,21100857.496638194,36697.14347241425,492,88948.60688154491,180.78985138525388,17918.11318554118,417.7892622937617,7.553205864044403
1283,4.802821422478511,1147,44662243.07382389,38938.311311093195,1201,252871.453457406,210.5507522542931,9299.167956733192,250.0613481856713,5.26506049702158
1374,2.0154782074899322,552,23447573.31986228,42477.48789830123,602,152285.31324189092,252.96563661443676,11633.751847440606,298.68841933534384,7.555790614652509
1077,4.389830585105211,1161,47029469.3923257,40507.72557478527,860,245181.50917407812,285.0947781093932,10713.276624363976,195.90733248749925,5.585215748552671
1285,2.8520754120828755,605,21858133.227454696,36129.14583050363,696,176413.14390533452,253.46716078352662,7663.939436822838,244.03281801434207,6.185430552009833
1272,3.479226087893023,335,12977207.590463735,38737.9331058619,320,70651.82045354563,220.7869389173301,3729.912130637815,91.97447705785287,2.030676324812554
1282,2.0220412094998728,120,4649509.878613346,38745.91565511122,196,44187.538263876966,225.44662379529063,2299.4140063858276,96.93175345742742,2.18529365555345
1279,16.332715368941813,363,15361281.476126712,42317.57982404053,760,153296.85686231402,201.7063906083079,940.5222052260597,46.53237277649564,0.9385876959187224
1280,8.930398630582907,49,2311969.161945075,47183.04412132806,241,44432.22044335105,184.3660599309172,258.8875656712053,26.98647730849047,0.49753904927814924
1088,13.751177487592953,241,10892053.214607378,45195.24155438746,580,113244.15147447815,195.24853702496233,792.0814944345508,42.17820623167049,0.8235233061070811
1376,27.51197222998931,644,21005674.866293,32617.507556355587,1222,238474.56514788506,195.1510353092349,763.5103252756212,44.41702651429562,0.8668028709622527
1412,5.1850353993556775,1129,35654222.66474037,31580.35665610307,706,149342.80801871239,211.53372240610818,6876.370153455648,136.16107617852168,2.8802659290864354
1244,3.680279012443056,640,21573470.572948795,33708.54777023249,478,103919.56117120152,217.40493968870612,5861.911692023539,129.88145691777112,2.823687030788931
1413,0.8632228908873797,511,16564113.955765465,32415.09580384631,95,42468.507559323865,447.03692167709335,19188.687105757603,110.05268859626912,4.9197615132363905
1247,2.4418264268456125,255,8935311.86241892,35040.438676152626,345,74531.37419660711,216.0329686858177,3659.2739615656005,141.2876837628775,3.0522797762037426
1375,7.345102913674992,260,9477879.846024005,36453.38402316925,576,104920.98739507086,182.15449200533135,1290.3671953157038,78.41959558219567,1.4284481596538379
1249,11.78941472600383,245,9814510.496654298,40059.22651695632,739,148011.87450153497,200.286704332253,832.4849642456381,62.68334918865759,1.2554641425504034
1406,0.47863524985819095,483,14088832.452805243,29169.4253681268,165,30306.539025861126,183.67599409612802,29435.425946959513,344.7301469101698,6.33186524286297
1405,0.11357420203418783,333,10391995.852968149,31207.194753658106,34,8423.595746015642,247.7528160592836,91499.61581803563,299.36375859163337,7.416821421716871
1407,2.2297727082991945,984,30000856.65120827,30488.67545854499,393,73096.18959464763,185.99539337060466,13454.670307670976,176.2511481718551,3.278190163624492
1184,1.1014179697692137,564,17273879.13708972,30627.445278527877,229,61476.16772058517,268.45488087591775,15683.309707312308,207.91380410107496,5.581547551241298
1138,0.981551669397387,1228,39815020.13500321,32422.654833064502,713,96404.06131258572,135.20906214948909,40563.34615522299,726.4008836516356,9.821598222309778
1140,0.5615901294736951,1272,38851202.00708268,30543.397804310283,301,43928.91024408156,145.94322340226432,69180.70665432246,535.9780811712055,7.82223688390862
1036,3.954010375634078,1855,63371510.58291318,34162.53939779686,497,105601.85638817266,212.47858428203753,16027.148277968474,125.69516839477171,2.6707531431613405
1100,0.8641112385613294,552,22275180.170671042,40353.58726570841,32,22456.32728605667,701.7602276892709,25778.13963831473,37.032269194041774,2.598777366146112
1131,3.4890951786408757,2055,83649787.65981694,40705.49277849973,474,87092.9333728928,183.74036576559664,23974.63622428364,135.85184001332962,2.4961466773978502
1010,3.608704020587686,1556,64961890.02305213,41749.28664720574,51,14471.997841195602,283.7646635528549,18001.445852151912,14.13249734781367,0.40103033550639605
1185,2.3107016758126866,612,19742201.30710267,32258.49886781482,244,88452.69620242943,362.5110500099567,8543.812260039682,105.59563034643313,3.8279582833348718
1186,13.454292923630671,1592,57567648.89533725,36160.583476970634,642,115286.24925291396,179.5735969671557,4278.756915885736,47.71711182773586,0.8568733407790537
1364,4.158486352405547,1210,51839530.129527494,42842.58688390702,273,71147.76608060357,260.61452776777867,12465.961346618351,65.64888684607044,1.7109053643868986
1365,6.5964229912496295,1163,45234828.126749694,38894.951097807134,271,589581.7252429086,2175.5783219295517,6857.478391964125,41.08287178664715,8.937900526164075
1147,0.5461203540739352,1315,52151676.57027317,39659.06963518872,371,50560.28985760008,136.28110473746653,95494.8413499577,679.3374340150908,9.258085599709236
1012,0.8430733727451444,1304,53628236.79296191,41125.94846086036,604,80768.70939743478,133.72302880369998,63610.402755743744,716.4263746502943,9.580270473309165
1132,2.0730477902862803,2347,96325742.4169349,41042.07175838726,685,115180.71133809786,168.14702385123775,46465.760639137356,330.43135966749907,5.556104971520788
1019,2.1833441848960637,1806,68250119.31448846,37790.76374002683,609,116450.40956529298,191.21577925335464,31259.44126749647,278.92991137766535,5.3335800361149435
1079,0.3795922277197323,1292,43650126.11244745,33784.92733161567,53,11567.087038456977,218.24692525390523,114992.14927202366,139.62351209975765,3.047240220892354
1038,1.566513294355856,1453,63036151.60065899,43383.44914016448,362,74433.7338343879,205.6180492662649,40239.78080989041,231.0864525084372,4.7515545576646225
1040,1.2723788438064907,1046,39178690.44139643,37455.72699942297,755,106900.73206232538,141.59037359248393,30791.686479310014,593.376731839801,8.401643314228458
1041,1.5247094539048385,1064,37338148.386386074,35092.244724047065,338,103715.42434502767,306.8503678846972,24488.69736510236,221.68157948674695,6.802307421876906
1157,0.5860558196060375,1204,44675205.291533664,37105.65223549308,86,58639.37705602676,681.8532215817065,76230.29035282943,146.7437010655598,10.005766531837484
1403,2.0532028224762975,1369,53148172.25261085,38822.62399752436,584,124979.13443776013,214.00536718794544,25885.495417598668,284.43366315640344,6.087033052439851
1402,0.8379680683452778,563,22508620.230845783,39979.78726615592,198,32740.232786705816,165.35471104396876,26860.95220226374,236.28585321990545,3.9070978982955076
1199,1.5768940877622668,1065,41425817.680651546,38897.481390283145,83,109921.51533856912,1324.3556064887846,26270.513664895498,52.6351139522524,6.970760826084151
1044,0.5462376831256811,667,25274884.05822483,37893.379397638426,62,38290.67800869001,617.5915807853228,46270.85395060424,113.50370345235726,7.009893164012981
1195,0.7319418318871238,1702,68469570.79497948,40228.89000880111,24,29619.909721359407,1234.1629050566419,93545.09854758308,32.78949085082645,4.046757328378416
1155,3.6333559432446627,2079,92542213.25471526,44512.84908836713,395,80041.55439371726,202.6368465663728,25470.17542467175,108.71491980696412,2.2029648524399317
1018,0.16761362691868373,1179,40559561.632055044,34401.66381005517,54,36692.12160951621,679.4837335095594,241982.48303362686,322.16950967952994,21.890894125999118
1130,0.26032062818554896,1281,45971239.6392401,35886.99425389547,110,30074.51919382312,273.40471994384654,176594.6861747473,422.5558334224486,11.552875929750321
1136,0.315355219988395,1600,48043384.61546672,30027.1153846667,130,21310.944694545295,163.93034380419456,152346.8824052911,412.2335441435977,6.75775866190816
1142,0.5255927385062119,1496,43627674.962367125,29162.884333133105,216,45149.34610336954,209.0247504785627,83006.61665600904,410.96458184314724,8.590176917529071
1139,0.7386550649500424,1072,33809937.36948584,31539.120680490523,510,69438.91667137713,136.1547385713277,45772.294774384995,690.4440573144826,9.400723012178018
1137,0.2776792542495759,1034,31162782.882518418,30138.08789411839,97,17213.969718275937,177.4636053430509,112225.82315965729,349.32389984315205,6.199227869866057
1135,0.25629763640420955,964,27625323.952132095,28656.975054078936,16,14535.396258946586,908.4622661841616,107786.10501332881,62.42741924769935,5.67129547617937
1008,1.0973489816746829,918,29524889.03566089,32162.188492005327,438,91608.58532146385,209.15202128188093,26905.65128205838,399.1437612960289,8.348172445711704
1009,0.3869956204783132,417,15752905.218728825,37776.751124049944,7,18408.359286282557,2629.7656123260795,40705.6420929487,18.08805999237987,4.756735816165171
1129,0.6364491852181386,1501,52976271.23504472,35293.98483347416,267,57672.834906265045,216.00312698975674,83237.2363190118,419.51503152366763,9.061655862831858
1146,0.6049961010765059,1738,65915009.11066907,37925.78199693272,302,47726.570470405226,158.0350015576332,108951.13041783663,499.176770664527,7.888740172950283
1080,0.5717971181481261,5572,165140662.69785932,29637.592013255442,5,29758.01863432204,5951.603726864409,288809.88983067777,8.74436026574155,5.204296714663246
1059,0.589417077680695,5505,164057507.60612974,29801.54543253946,206,99942.60161243568,485.15826025454214,278338.5718168903,349.49784762021505,16.956176771413062
1163,0.45924139795299657,2854,86708334.10464995,30381.33640667482,419,72911.7538907713,174.01373243620836,188807.74793200276,912.3741933275901,15.87656387594087
1205,1.0075091616702492,2435,69243315.26708716,28436.679781144623,314,87413.46209176778,278.38682194830506,68727.23137553962,311.6596969495053,8.676195256314463
1508,1.7822913980918629,4114,118675382.10943149,28846.71417341553,1062,214753.44730820655,202.21605207929053,66585.8468690846,595.8621587564114,12.049289332716496
1507,2.1927071772515556,2383,67807213.97640851,28454.558949395094,327,88543.7092059673,270.77586913139845,30923.971371955526,149.13071995772708,4.038100031074475
1060,0.3586843076000502,3015,88293336.87529205,29284.688847526384,68,41890.16031266681,616.0317693039237,246158.90632646036,189.5817535341501,11.678838305738287
1058,0.07096021009483207,2287,65351072.58419569,28575.020806382025,41,9799.766660678775,239.01869904094573,920953.7640440994,577.7885937091662,13.810227798906247
1161,0.3729940972447721,2333,69557917.3077352,29814.795245493016,364,60384.169625243376,165.89057589352575,186485.3031764972,975.8867571599401,16.189041615212776
1056,0.5651488916661175,3570,106009241.30198383,29694.46535069575,410,90464.78629546896,220.64582023285112,187577.54436969274,725.472536611153,16.007248289697497
1024,0.30689949801804717,3096,97909712.26096272,31624.58406361845,206,45358.81455495837,220.18842016970083,319028.5839281665,671.2295110625636,14.779696561214658
1160,0.5673870938760325,2110,66490150.5429693,31511.919688611044,301,55113.96722658891,183.10288115145818,117186.57555065332,530.5020210166518,9.713644850482037
1055,0.24223327014877502,1793,55287902.215177365,30835.41674019931,86,31511.743640865836,366.4156237309981,228242.39701350933,355.02967840536706,13.008842105591825
1054,0.14956409944950386,1454,48121323.942178726,33095.82114317657,97,18141.165025392613,187.02231984940838,321743.81498833915,648.5513592969504,12.129357975720284
1162,0.733488572709401,2302,74425093.97360285,32330.622925109838,594,97737.6738549282,164.5415384763101,101467.2848940063,809.828567343387,13.3250438372747
1133,0.37662820949287773,1033,33205715.423211344,32144.93264589675,54,38773.03097176499,718.019092069722,88165.76821986375,143.37747051053321,10.29477611992264
1159,0.7358465277896267,1324,45147859.24490419,34099.59157470105,573,80949.77724651656,141.2736077600638,61354.99392858676,778.694983750493,11.00090496990964
1134,0.43599978232844655,1190,38796584.581776775,32602.171917459476,256,40595.42344551747,158.5758728340526,88983.03658452426,587.1562564385653,9.31088158547203
1095,2.2343117514305337,2214,70368656.89448416,31783.494532287335,1044,188054.7060464777,180.12902878015103,31494.556142145397,467.2579819407796,8.416672647676599
1092,3.079995256358686,2714,86809532.68472531,31985.8263392503,1220,220537.8870554899,180.7687598815491,28184.95661819804,396.1045061615909,7.160332036232423
1204,2.3439680362911983,2498,72707154.42101139,29106.14668575316,575,174594.29345810844,303.6422494923625,31018.83357422147,245.31051238642658,7.448663580513862
1313,0.18764679138340623,659,21515154.80311486,32648.186347670504,86,23809.914596628358,276.85947205381814,114657.72819506608,458.3078632252331,12.688687305065152
1311,0.5707554669747218,911,31078633.003265653,34114.8551078657,312,57383.79923883802,183.92243345781418,54451.7482556888,546.6439097881092,10.05400781231229
1312,0.5351287030050778,548,19485433.590390008,35557.36056640512,193,62271.520993009624,322.6503678394281,36412.611547403976,360.66090066966314,11.636737226636624
1017,0.7639881506084281,3391,111968583.48091951,33019.34045441448,151,80903.10762497554,535.7821697018247,146558.01060755918,197.64704449898338,10.589576233681843
1023,0.361184161905781,2443,72341790.69528563,29611.866842114465,184,33984.27086379112,184.69712425973435,200290.5950071997,509.435405553576,9.409125440183699
1053,0.3135100762721129,924,27351685.93079559,29601.391699995227,246,38767.06416787443,157.58969173932695,87243.4030064652,784.6637751651812,12.365492244729746
1016,0.23694747831032276,1284,45164988.059135914,35175.22434512143,232,37787.41298005373,162.8767800864385,190611.81144955984,979.1199368501268,15.947590263258563
1022,0.7547405168218491,2126,63896666.9002981,30054.876246612468,214,118250.02733726543,552.5702212021749,84660.44352483125,283.54115782883446,15.667640030139987
1158,0.44391147166784306,762,26196261.11904758,34378.29543182097,352,59133.71997343126,167.99352265179334,59012.354469291444,792.950897793838,13.321061461028899
1052,0.6285618018689156,1663,57023935.06206744,34289.79859414759,581,81539.58094238654,140.3435128096154,90721.28610506876,924.3323381607041,12.972404734099852
1051,0.8347919794099137,1608,57692960.52159029,35878.706792033765,669,82543.52321929854,123.38344277922054,69110.58316872126,801.3972540475216,9.887915223819684
1048,1.4253592321414854,1608,57306383.84264885,35638.298409607494,959,129838.4544792029,135.38942072909583,40204.87084968096,672.8128449129144,9.109174133185448
1011,0.44135181427148756,1854,68072452.98427044,36716.53343272408,283,66032.9888862222,233.33211620573215,154236.25956230285,641.211819797616,14.961531084950632
1015,0.9299441453533603,2701,90903137.95848177,33655.36392391032,731,131808.19537122088,180.31216877047999,97751.18044744545,786.0687156885476,14.173775492842786
1145,0.4278874361389133,1403,57564717.651340425,41029.7346053745,263,54562.27632054085,207.46112669407168,134532.38583208152,614.6476334365127,12.751549055258367
1014,0.641571439462628,2242,78274733.10708314,34912.905043302024,476,88516.3038810527,185.95862159885021,122004.70328393212,741.9282884516984,13.796796184567198
1021,0.4808242478217284,1206,37213576.39069229,30857.028516328603,54,43912.840514787655,813.2007502738454,77395.38211577403,112.30714807881564,9.132825707880873
1020,1.0999744672644527,1508,52737174.32196369,34971.60100925974,317,190523.72354549757,601.0212099227053,47943.99860309192,288.1885074917723,17.320740545852363
1050,0.4249759724974644,564,21499129.151118506,38119.023317586005,244,37131.95948503374,152.18016182390878,50589.04630483969,574.150106807405,8.73742561651654
1013,1.187055392440274,2133,67853322.47955485,31811.21541469988,347,71867.11610742712,207.10984468999172,57161.04144059044,292.3199727745301,6.054234416111552
1049,0.8057926486026172,910,31187391.955663737,34271.85929193817,252,45487.524191552395,180.50604837917618,38703.99166553334,312.7355411308495,5.6450656717252965
1047,1.9243858558431783,905,31542523.852685843,34853.61751677994,209,55711.721471424964,266.5632606288276,16390.95598053299,108.60607781199145,2.8950390225672606
1203,0.7241228286905866,588,20471943.91088223,34816.23114095617,273,52339.698943566786,191.72050895079408,28271.369303328192,377.00786273187816,7.22801393214068
1078,3.32500867149614,1253,41425491.55388042,33061.04673095006,722,154000.60857019655,213.29724178697583,12458.761960232834,217.1422908425453,4.631585171202021
1202,0.37939543067911385,472,17217687.730021894,36478.15197038537,214,38856.75441892578,181.57361878002703,45381.905889594964,564.0552908529821,10.241756035219666
1046,1.4224154490207894,1445,51146912.93418627,35395.78749770676,541,116866.69290950261,216.0197650822599,35957.78783856469,380.3389511639739,8.216073088207477
1200,3.611842697252914,987,37129779.89893235,37618.82461897908,331,157732.53850617315,476.5333489612482,10280.010236097054,91.64297222903731,4.367093246506581
1383,2.3851346667760187,733,18948313.040736414,25850.358855029215,1008,190628.93402143032,189.1160059736412,7944.336772543249,422.6176467270552,7.992376140299997
1352,3.085145748647012,1049,28265995.93671255,26945.65866226173,572,186435.5243776482,325.9362314294549,9161.96453574635,185.40453080728847,6.043005406127387
1350,2.493356980967905,1745,47633998.96104952,27297.4206080513,790,206533.06344771016,261.434257528747,19104.36384546841,316.84191474793437,8.28333307361128
1353,0.7706325825616721,379,11325369.583242208,29882.24164443854,300,73869.44265835069,246.2314755278356,14696.198732728591,389.2905734698696,9.585559231456331
1354,5.068949880331118,521,16600049.393627357,31861.899028075542,355,64826.84840115815,182.61084056664268,3274.8497786573093,70.03422964931947,1.2789009544699517
1453,0.10177767559057667,2154,45173567.60183921,20971.94410484643,18,32252.41892685977,1791.8010514922094,443845.54215562873,176.8560727640215,31.689089714135637
1472,0.06743917871437491,1834,40906358.23836703,22304.448330625426,11,20827.999702947334,1893.4545184497576,606566.6726402125,163.1099341613914,30.884124184192903
1500,0.18890316551661684,3487,70220045.56078659,20137.667209861367,122,43680.66137108668,358.0382079597269,371725.08660057205,645.8335394557921,23.12330831070394
1473,0.35104333741591287,3238,80035239.44968909,24717.492109230727,10,108447.28501283906,10844.728501283906,227992.47534176696,28.486511305446292,30.89284810563196
1362,0.3051810480251288,2115,53575178.71839078,25331.05376756065,22,30020.338421025714,1364.5608373193506,175552.1159163834,72.08835588698976,9.83689472701261
1474,0.28136127045734155,2869,66050589.43680229,23022.164320948865,35,109287.93721371383,3122.512491820395,234753.66502802493,124.39523017190281,38.84256601346398
1363,0.16354389564960953,1869,46445817.22617283,24850.624519086585,25,11077.287609012488,443.0915043604995,283996.0308006991,152.86415858383455,6.773280998971322
1361,0.0729609971048937,1698,38451232.29338207,22645.013129200277,8,19236.258645832208,2404.532330729026,527010.7841056772,109.6476243121877,26.365125764628534
1114,0.024256532963696027,758,17535326.89593087,23133.676643708273,4,9538.472665724441,2384.6181664311102,722911.5109803792,164.90402836986934,39.32331417684616
1115,0.02314882916766211,940,22534050.1359401,23972.393761638406,6,7448.589628103902,1241.4316046839838,973442.3271574863,259.1923745491947,32.17696054584589
1034,0.2012687772317891,3136,59599579.93154984,19004.96809041768,58,17446.693508041848,300.80506048348013,296119.3521979447,288.17187045959395,8.668355692323576
1028,0.49169542265298083,3489,91670869.81566104,26274.25331489282,354,66228.9562751061,187.0874471048195,186438.32257181438,719.9578920014458,13.469508403751785
1033,0.14544852396335034,1775,37889883.890541606,21346.41345946006,8,10132.248587125332,1266.5310733906665,260503.73601652347,55.00227697061962,6.96620928905296
1027,0.482059613787127,3336,98028021.23350467,29384.89845129037,66,40176.12605017794,608.7291825784537,203352.4867669021,136.9125272318394,8.334265078658786
1061,0.3228739382511024,2611,80332933.42437162,30767.11352905845,82,57565.45495458948,702.0177433486522,248805.8771776614,253.96908912551422,17.82908068282062
1437,0.04913308316368599,1733,35010651.27565845,20202.33772398064,9,3180.235034471413,353.35944827460145,712567.7653694373,183.17596658887985,6.472695849101343
1438,0.07416414236969811,1463,29654545.42338944,20269.68244934343,6,15634.595156176301,2605.765859362717,399850.176592963,80.90162992906761,21.08107052359614
1076,0.17504947089335698,2011,45713675.98119482,22731.813018992947,13,16983.964458944127,1306.4588045341636,261147.18169610656,74.26472033108752,9.70237977428166
1006,0.08393033270222203,1207,28750017.546494354,23819.401446971297,4,5843.366264088689,1460.8415660221722,342546.2120887459,47.65857433440272,6.962162636505297
1112,0.045250535245179864,1264,26811128.74582718,21211.336033091124,8,11485.258984808006,1435.6573731010008,592504.1239967019,176.79348888701088,25.3814875836887
1002,0.09214015559976052,1275,29540879.388466697,23169.31716742486,34,19189.796284606804,564.4057730766707,320608.09096944344,369.00306688963707,20.826746123550805
1113,0.047561583680935535,1440,32341866.191988178,22459.62929999179,9,19694.487143962357,2188.276349329151,679999.7747962293,189.22834992997798,41.40839227743513
1110,0.07772320232029453,1165,27828249.578330304,23886.909509296398,53,33238.7744099357,627.1466869799189,358043.0135090302,681.9070550077041,42.7655750376315
1123,0.04263568764937851,802,19287579.682702053,24049.35122531428,30,17778.441099166615,592.6147033055538,452381.1094901668,703.635889415221,41.69849738409407
1125,0.09491441225236821,938,26835131.82021598,28608.88253754369,23,28281.416231386873,1229.6267926689945,282729.7897485154,242.32357820269942,29.796756425345954
1057,0.09196313729428868,2194,68970610.17914782,31436.01193215489,16,10140.478195432963,633.7798872145602,749981.0490200752,173.9827551641572,11.026677094521798
1026,0.13146997177423306,1968,61819201.03186005,31412.195646270353,31,18680.340847997886,602.5916402579963,470215.36703468027,235.79528908118107,14.208827001253729
1025,0.22573134744806003,2484,79660887.38957193,32069.600398378396,156,38353.65137501472,245.8567395834277,352901.3063101553,691.0870012677129,16.990839690016806
1150,1.9237676656389466,1533,44663017.44605722,29134.38841882402,617,97230.98444906682,157.58668468244218,23216.430052234587,320.7248000995349,5.054195794312469
1400,0.3955403193531699,2092,54971264.76885749,26276.8952049988,117,34319.36164052836,293.32787726947316,138977.65178213036,295.79791054254844,8.676577320019126
1144,0.9073036491053034,2470,62590271.57696092,25340.190921846526,183,35250.756963459666,192.62708723202005,68984.92212467293,201.69653255606016,3.8852215571072173
1151,0.2632218862291134,1098,30806561.36957654,28056.977567920345,106,27973.09594478157,263.8971315545431,117036.47371769806,402.7020758742514,10.627192269427493
1401,0.2614591649681056,1218,32240105.849812545,26469.7092362993,172,31682.813856243225,184.202406140949,123308.37916408626,657.8465131294273,12.11769105898739
1399,0.1001952982043182,548,15110191.812487029,27573.342723516475,37,6261.168744664468,169.22077688282346,150807.393992424,369.2788051246638,6.248964628955639
1396,0.4694992884805518,883,22559356.539103992,25548.53515187315,275,48417.675687778785,176.06427522828648,48049.820505826974,585.7303871321872,10.312619608961219
1398,0.3455174594947611,978,26335737.51670734,26928.156970048403,139,32779.92597303564,235.8268055614075,76221.14828934325,402.29515522386384,9.48719813492744
1182,1.3354308784471944,1144,33639986.16737485,29405.582314138854,179,43056.46862107726,240.53893084400707,25190.361186264156,134.03913515024956,3.2241630260296397
1183,1.0581092172174835,432,13083140.5786471,30285.047635757175,376,55841.98368564802,148.51591405757452,12364.640970666445,355.35084080334315,5.277525493303615
1404,1.4295554672747472,861,26447014.200587288,30716.625087790115,651,104301.05233318161,160.216670250663,18500.16652449654,455.38631756698663,7.29604794782936
1153,1.549251484357672,984,27961313.184019886,28415.968682947037,311,55198.588670633486,177.4874233782427,18048.272644136145,200.74210232494454,3.5629198505185955
1152,1.7583802169333849,1163,33163185.905510057,28515.207141453186,383,74281.18331770273,193.9456483490933,18860.07678324922,217.8140974924934,4.224409635775425
1395,0.1708810167772501,1794,46839206.71681777,26108.81087893967,3,1305.2999682517282,435.09998941724274,274104.2135644269,17.55607531239479,0.7638648182631288
1122,0.02620042973487324,886,22433237.438391436,25319.68108170591,5,2864.4984484875467,572.8996896975093,856216.392837725,190.83656453714232,10.933020860626756
1001,0.045474735671276294,1234,30503853.27363537,24719.492118018938,16,11709.871490949765,731.8669681843603,670786.8187324693,351.8437163804397,25.750279398207038
1116,0.022549806005996112,491,11713490.678792398,23856.396494485536,9,5313.364691420631,590.3738546022923,519449.7316596746,399.1165155747616,23.562795573530785
1117,0.02240926629956185,549,13908070.8839206,25333.462447942806,3,10816.506726120479,3605.5022420401597,620639.2792160505,133.87319155820182,48.26800923121684
1121,0.04203691521911317,1009,26789386.626991183,26550.432732399586,9,14307.601238752519,1589.7334709725021,637282.4096952454,214.0975367266701,34.0358020187152
1120,0.019943634482029828,418,11858996.57819314,28370.805210988372,5,9041.808111631064,1808.361622326213,594625.6480421693,250.70656025636853,45.3368122033031
1119,0.020313962017221757,336,9199021.399669625,27378.03987996912,5,6500.272944654955,1300.054588930991,452842.3057929756,246.13613020252293,31.999040557150582
1141,0.7866591928533878,1844,52000171.15616023,28199.658978394917,228,78586.51939028372,344.6777166240514,66102.54050110829,289.83326206739326,9.989906697108939
1397,0.760088401458594,935,25696954.294345394,27483.373576839993,256,83515.28369208479,326.2315769222062,33807.84951465312,336.8029291181674,10.98757506782378
1394,0.6236974114546309,2292,62385582.53106051,27218.84054583792,126,47179.546072110716,374.44084184214853,100025.3991523878,202.02104046918194,7.564492846310723
1111,0.02118082659918171,468,10800047.50655822,23077.024586662865,7,9356.8754540163,1336.6964934309,509897.357215297,330.4875740907314,44.17615814095655
1108,0.1388996675340884,1175,29884289.488820117,25433.43786282563,30,41913.010015031825,1397.1003338343942,215150.18732126188,215.9832383517943,30.175025440392535
1109,0.021659525765241338,373,8840639.11582887,23701.44535074764,12,10082.875295503916,840.2396079586597,408164.02037832723,554.0287506782488,46.55169002677178
1124,0.03991756252501331,639,17241252.230570447,26981.6153843043,13,7553.37085250051,581.0285271154239,431921.4686459541,325.67118775987103,18.92242505480485
1118,0.05595698110145342,598,15908578.014369957,26602.973268177186,14,5715.219318343275,408.2299513102339,284300.1480999616,250.1921962983876,10.213594811309127
1004,0.48438427836373954,1209,32485761.71187899,26869.94351685607,52,56220.620681233195,1081.1657823314076,67066.09434479705,107.35278233153461,11.606615489492693
1126,0.0916856591043655,739,23809474.092086516,32218.503507559562,14,15309.826223762799,1093.559015983057,259685.9129843225,152.6956356834807,16.69816891029345
1128,0.08817960356268574,646,21674719.587665446,33552.19750412608,10,34361.254107956636,3436.125410795664,245801.96226735323,113.40490993352141,38.96734927315666
1127,0.16353734119741478,1283,43655443.3800278,34026.06654717677,24,25838.057653617576,1076.585735567399,266944.80331148923,146.75547385247202,15.799484976600578
1003,0.18259583379588887,879,27371700.470327497,31139.590978757107,18,38925.44819348275,2162.5248996379305,149903.2037112326,98.57837183799573,21.317818366543232
1005,0.40398731751495776,1281,35657585.99639159,27835.74238594191,30,32286.570226968466,1076.2190075656156,88264.12228911457,74.25975692637738,7.99197619013697
1007,0.12845944801669518,855,27945308.87759891,32684.571786665394,9,28528.213904736902,3169.801544970767,217541.87262245602,70.06102033717535,22.20795305070067
1037,1.0306143439876208,1004,42138719.90685214,41970.8365606097,60,14715.380393652866,245.25633989421442,40886.99148491406,58.21770320782639,1.4278260805799166
1042,0.8163310343981528,834,33343993.687488068,39980.80777876267,304,59720.03776028096,196.44749263250316,40846.166913243986,372.39794542924204,7.315664264107033
1039,2.8928901524713644,1537,67253089.66026057,43756.076551893675,587,129452.99074075879,220.53320398766402,23247.716337520455,202.9112648810852,4.47486713694153
1043,0.6317171316407277,447,18655749.875890013,41735.458335324416,84,26529.718819414018,315.829985945405,29531.80932015624,132.97090706061897,4.199619970810304
1408,4.044837031779252,1276,54321205.47424363,42571.47764439156,875,169383.5186715508,193.58116419605804,13429.76368329695,216.32515553169344,4.187647545271854
1196,3.0210279513488234,411,17280220.036339436,42044.330988660426,706,131725.45619649274,186.57996628398405,5719.980190393205,233.69528894454166,4.360285913199849
1045,8.334054585460963,1290,53150899.67808469,41202.24781246875,147,70180.80267583446,477.42042636622085,6377.555982271607,17.638473385625097,0.8420967484214371
1248,5.22714223627714,304,11033828.723266307,36295.48922127075,553,94720.56299328418,171.28492403848858,2110.872102673982,105.79394533443117,1.8120907890340054
1073,4.745450476338543,475,22495473.97209929,47358.89257284061,308,52912.94432703887,171.79527378908725,4740.429614483337,64.90427021327683,1.1150246871370793
1190,12.055512732161278,820,38268312.24604518,46668.6734707868,585,113311.3834054742,193.6946724879901,3174.3413238620956,48.52551799305535,0.9399134314974926
1187,15.607488927415051,664,29775091.7674494,44842.00567386958,641,121933.48500290544,190.2238455583548,1907.7438981967498,41.070027534926716,0.781249857488128
1154,6.3403645530066335,1938,87883656.21282677,45347.603824988015,411,134529.56861186208,327.322551367061,13860.978415058467,64.82277108263462,2.121795481745091
1156,3.0223006839560997,1247,56160331.06993961,45036.352100994074,371,98408.8685064453,265.2530148421706,18581.980068385335,122.7541660462361,3.2560912628200542
1193,3.1832949166688147,928,42896080.0267872,46224.22416679655,321,71388.44941605594,222.39392341450448,13475.371006993017,100.83891326535121,2.2425961553936378
1192,3.646427700795825,1005,47940552.473245524,47702.04226193584,386,82368.6301100097,213.390233445621,13147.26532567274,105.85702821305256,2.258885596224297
1189,8.315101886407405,1017,49396582.256222576,48570.87734141846,478,111491.88001359005,233.24661090709216,5940.586529308866,57.48576584267485,1.340836005820259
1439,0.6729214201905886,204,9964557.651867768,48845.87084248906,49,20401.30902579239,416.3532454243345,14807.906767250104,72.81682307886996,3.0317520610377082
1371,12.431552831745346,680,32581936.72956029,47914.61283758866,630,141505.28617276775,224.61156535359962,2620.906428226626,50.67749850133165,1.1382752266588798
1194,3.5673743141947374,694,34417627.5963539,49593.12333768574,316,92273.69213494174,292.00535485741057,9647.88793242264,88.58055594071591,2.586599667093546
1372,8.698776080641819,505,25547340.340636615,50588.79275373587,822,151312.83833885478,184.07887875773088,2936.889063909743,94.49605236181118,1.739472736579403
1373,1.631212766519438,507,23029850.34552073,45423.7679398831,350,69823.59168040527,199.49597622972934,14118.238171137009,214.5642844291884,4.280471138623425
1197,5.873003974174789,1019,46072537.50431397,45213.481358502424,903,181286.55582557592,200.76030545467987,7844.7993066082645,153.75436556330268,3.0867773395479166
1265,4.228232036680382,559,26049882.596809603,46600.863321662975,189,37964.996550692464,200.87299762271144,6160.93969555691,44.69953360184684,0.897892930694009
1445,7.219260285358477,611,26567317.16950978,43481.697495106026,457,89132.32367602654,195.0379073873666,3680.0608537957105,63.302884497301015,1.2346462123937763
1444,5.579011699474989,635,28029933.076199252,44141.62689165236,1428,263297.8036769502,184.38221546004917,5024.175353286497,255.95931267439022,4.719434513853551
1269,4.919071735471599,212,9703533.275642214,45771.38337567082,595,119520.64898324711,200.87504030797834,1972.635041215133,120.95778065390552,2.4297399064416876
1198,8.30894668641676,805,38732252.894087255,48114.599868431374,601,123776.60216627573,205.95108513523417,4661.511784328294,72.3316712312643,1.489678617972388
1264,4.238833409392348,497,23725554.608381,47737.53442330181,251,74946.55355528563,298.59184683380727,5597.189678605969,59.214405417263556,1.7680938672706525
1266,4.528993278986809,308,15784238.478933323,51247.5275290043,283,51639.84123853144,182.472937238627,3485.153875623426,62.48629277350365,1.1402057379534
1270,2.786636728876802,233,12211464.555343853,52409.71912164744,348,66313.01764422475,190.55464840294468,4382.151583951122,124.88172440771169,2.3796793086464936
1276,11.601949946914939,438,19958392.859648626,45567.106985499144,959,197466.9732044332,205.90925255936725,1720.2619344997036,82.65851898930202,1.7020153862751444
1275,11.271606510477206,296,14207794.030043237,47999.30415555148,827,185998.28341197385,224.9072350809841,1260.4941466717082,73.37019787119834,1.6501488340555925
1268,1.9139622392998832,183,8729560.77305452,47702.51788554382,198,49051.40196340977,247.73435335055441,4560.989027791763,103.45031680062158,2.562819733651198
1277,6.886308246597431,170,8397982.725326154,49399.898384271495,579,134615.029860741,232.4957337836632,1219.5188516975916,84.0798842087976,1.9548214375569835
1409,4.776579477348672,518,24661127.979328718,47608.355172449265,593,98847.32960844033,166.69026915419954,5162.926335943086,124.1474161190249,2.0694166207678673
1262,4.277716215896278,525,27440796.2061049,52268.18324972362,301,53702.052248578824,178.41213371620873,6414.823896950686,70.3646489875752,1.2553907164065357
1263,4.639915655759279,163,8892689.003047397,54556.37425182453,348,66749.06582337177,191.80766041198785,1916.562640962962,75.00136334763891,1.4385836031420038
1261,3.122942883326121,383,20806087.44126286,54323.988097292066,257,44443.316582465726,172.9311929278822,6662.333644444733,82.29417238853874,1.4231229402162788
1423,3.3319017646653233,382,19242542.36347724,50373.14754836974,299,57673.4970655027,192.8879500518485,5775.243006124486,89.73854006468086,1.7309483033721966
1257,3.0556205135547128,214,11296045.070205929,52785.25733741088,470,75125.20920392573,159.84087064665047,3696.808887130043,153.81491186980944,2.4585909431708153
1424,7.562781817416111,452,24686612.481971946,54616.39929639811,446,79424.94798268014,178.08284301049358,3264.2238104928347,58.97300897573424,1.0502081099282108
1267,7.928575001735139,242,12991194.489790859,53682.62185863991,446,87667.44034136183,196.56376758152877,1638.5282963140014,56.25222690110071,1.1057149654531382
1278,10.03432317449065,74,4081842.2094483036,55160.02985740951,451,76243.71427871867,169.0547988441656,406.78799541011404,44.94573197986451,0.7598291678759775
1388,8.4298480715584,142,8368083.58377332,58930.1660829107,296,70147.80898872283,236.98584117811765,992.6731196979138,35.11332558871128,0.8321361001201866
1422,21.27019358521272,313,18206065.160340358,58166.342365304656,664,128358.0480586896,193.3103133414,855.9426169490728,31.217393360332196,0.6034644092187557
1387,8.721419934251337,74,4402527.955220385,59493.62101649169,500,105469.82121653671,210.93964243307343,504.794860058336,57.330114106347175,1.2093193770240172
1188,14.89085000950861,388,19951088.19332384,51420.330395164536,471,106710.35557838266,226.56126449762772,1339.8219833376868,31.630162126355522,0.7166169527612081
1074,19.90265958321677,490,26533871.7878594,54150.75875073347,519,91262.28527848901,175.8425535231002,1333.1822150158516,26.07691689796347,0.45854316553475777
1191,9.144666088317162,422,22474846.52202871,53257.93014698746,543,91337.77391597371,168.20952839037517,2457.7000740072535,59.37887668678398,0.9988092843834175
1442,9.042784308369171,400,21304793.95982495,53261.984899562376,724,135543.90669217752,187.21534073505183,2355.9993507870345,80.06383601673791,1.4989178340428901
1443,2.603966741967672,136,7570947.774477834,55668.733635866425,124,21119.886970655843,170.3216691181923,2907.467154805861,47.61965581261615,0.8110659260838611
1440,5.042544964880111,120,6856033.746870305,57133.61455725254,352,58510.68970781788,166.2235503063008,1359.637602563909,69.80602105714073,1.1603404652874323
1087,15.949568445706415,305,16698216.20650288,54748.249857386494,948,199912.60321397308,210.87827343246104,1046.9384336852074,59.43734485525841,1.2534044660486665
1075,17.226816407772507,281,16128518.532876765,57396.863106323006,590,104321.4483521484,176.81601415618374,936.2448725929299,34.24892830075091,0.6055758991259695
1441,4.321525442564993,69,4023481.268605965,58311.32273341979,114,17492.434199198415,153.44240525612645,931.0326462449041,26.379573952557035,0.40477452769122135
1259,8.444885794902591,373,19525859.028302807,52348.14752896195,422,72785.45498023457,172.47738146975016,2312.1519346169002,49.971072463137745,0.8618879727677139
1370,5.970677377528667,223,12169717.129286043,54572.72255285221,325,73863.03173793224,227.27086688594534,2038.247314297734,54.43268484463337,1.2370963471569285
1258,4.089936480252196,242,13359947.469875485,55206.3945036177,207,36514.93464731923,176.4006504701412,3266.541554956295,50.61203297397808,0.8927995538225968
1089,29.63854237821777,272,15639741.587689318,57499.04995474014,998,266111.7723998971,266.645062524947,527.6825488956373,33.67237117347104,0.897857151691341
1260,6.914224667796704,99,6180252.3077139,62426.79098700909,263,49451.92764650953,188.0301431426218,893.8460354779456,38.0375259173937,0.7152201443038724
1065,0.825459236354916,12147,224382352.7731698,18472.244403817385,89,82131.72757513115,922.8283997205748,271827.29672273475,107.81877054645179,9.949822348322195
1165,0.7476986095581515,7532,148698456.86311197,19742.22741145937,162,42568.842167847106,262.7706306657229,198874.86075570545,216.66484052408902,5.693315678760315
1066,1.0099489311172494,11649,208866784.3940056,17930.01840449872,173,71265.92643216586,411.9417712841957,206809.25337774068,171.29578998476674,7.056389113985039
1064,1.4714663766004574,14442,354969466.5093892,24578.968737667168,495,87022.2143029126,175.80245313719718,241235.1869904622,336.3991239430174,5.913979122238651
1302,2.666096100333658,5361,63222603.52439143,11793.061653495883,1004,198472.73017730413,197.6820021686296,23713.550129149215,376.5805740739619,7.444320186075272
1304,0.3163984991355543,2415,34296497.40576975,14201.448201146895,203,36216.07894091064,178.40432975818047,108396.52368602461,641.5959638071131,11.446349789856184
1305,0.42553181185697436,3056,40988816.53510002,13412.570855726446,230,37670.027364258036,163.7827276706871,96323.7421809413,540.5001308745992,8.852458574100524
1300,1.5062273226303424,3671,63850577.90709278,17393.23832936333,414,132969.2974539479,321.1818779080867,42391.06338583061,274.8589099267081,8.827970085002978
1506,2.061949337155689,3658,75408564.28882058,20614.69772794439,332,124036.05554121509,373.6025769313707,36571.49229129037,161.01268543191762,6.01547541960046
1301,1.5528831980022402,4489,72181959.51125285,16079.74148167807,911,147840.28713413636,162.28352045459536,46482.54266909051,586.6506902592463,9.520373929238888
1222,1.8392048300329278,16532,330202176.65825355,19973.516613734184,454,101384.24337940759,223.31331140838677,179535.29224493273,246.84580672391553,5.51239545067922
1221,1.4441641636603577,10241,250461821.63536647,24456.77391225139,621,130245.06547171496,209.7344049464009,173430.2982567782,430.0065156207881,9.018716067680124
1219,2.0594653575350366,9565,201579809.07321054,21074.7317379206,720,133659.4267895978,185.6380927633303,97879.67946908336,349.6052979797457,6.490006073691576
1299,1.6846562972969208,4774,93345012.24471825,19552.788488629714,771,153959.2176504168,199.68770123270662,55408.9355760537,457.6601181125738,9.138909693178885
1504,1.7258629211763865,4172,101971880.00083865,24441.965484381268,696,138523.77992037826,199.02841942583083,59084.57661940633,403.276524143407,8.02634891918052
1503,1.5054540295666696,2793,60248736.21606004,21571.33412676693,94,49490.72618839268,526.4970871105604,40020.30950981749,62.43963492333073,3.2874285907380454
1494,3.642026438322561,2398,52954939.98165857,22082.960793018585,569,128997.86093818936,226.70977317783718,14539.96583452823,156.2317049686408,3.5419254396627338
1382,0.9178280132708511,959,23607652.893362626,24616.947751160194,122,37032.5285307573,303.5453158258795,25721.21634121011,132.9225064347625,4.034800419610749
1505,1.1898751339096132,2550,60947308.61013718,23900.905337308697,92,76129.60512774567,827.4957079102791,51221.60037909233,77.31903741673504,6.398117160210252
1217,2.0856878376160903,7770,207829806.46547532,26747.722839829512,540,217553.0593114492,402.876035761943,99645.69132407736,258.9073926888368,10.430758399593923
1214,1.247211149929942,4339,114283891.41612649,26338.76271401855,538,98235.22229459553,182.5933499899545,91631.5504576318,431.3624040566189,7.876390641641839
1220,0.4385014254858888,2592,57406121.1682287,22147.42329021169,243,42963.529887391094,176.8046497423502,130914.33193089144,554.1601141449878,9.797808488258537
1215,0.3466532280937108,2990,78579988.39722039,26280.9325743212,118,33971.21340959806,287.89163906439035,226681.8308006001,340.3978109446627,9.79976837267894
1212,0.18966345750089203,1949,54466064.86605559,27945.646416652435,97,18908.175476073335,194.92964408323024,287172.1605402002,511.4322035363285,9.969329740803868
1213,0.293919775611444,2869,67374903.41631016,23483.758597528813,88,43093.2202823883,489.69568502713975,229228.8883119536,299.4014261780542,14.661558649036484
1210,0.27095743677529066,2614,64843896.04253012,24806.38716240632,66,21671.308352504526,328.3531568561292,239313.95577935808,243.5806921761474,7.998048922523905
1081,1.4824664055039067,6033,168314954.5224565,27899.047658288826,639,200908.49539256433,314.41079091168126,113537.11213796065,431.0384354259932,13.55231353956202
1218,1.390102251419436,3964,108955450.42624523,27486.238755359544,288,54926.45733988896,190.71686576350334,78379.45037135981,207.17900406673152,3.951253030761115
1216,0.2518197898853596,1540,42418690.92752029,27544.6044983898,19,22363.515357260483,1177.0271240663412,168448.59947993487,75.45078172231702,8.880761661917607
1211,0.4621673690303646,3027,86221493.66746828,28484.140623544194,243,38784.97385963637,159.6089459244295,186559.0248146738,525.7835500369018,8.391975820579443
1208,0.5196989783733973,2272,59848288.25530008,26341.67616870602,220,44342.43960640663,201.5565436654847,115159.5264678389,423.3219789820959,8.53233149412642
1207,0.611778249195856,2615,75907942.65897466,29027.893942246526,163,49117.45067768313,301.33405323731984,124077.54404271625,266.4364092941409,8.028636314260098
1206,0.6530828976539277,2104,62742363.957222246,29820.515188793845,378,78518.82363347951,207.7217556441257,96071.05649621494,578.7932915681776,12.022795867958417
1294,2.4839583842705797,2010,53157012.80031214,26446.275025030915,517,130070.06715481958,251.58620339423516,21400.12213446234,208.13553209017158,5.236402831000527
1295,0.9175590308082315,2535,67746913.2973288,26724.62063010998,252,85007.89455988015,337.33291492015934,73833.8472214196,274.64173043779635,9.264569548729847
1351,4.860980528067438,2270,62282219.05291005,27437.100904365663,703,142616.455911428,202.86835833773543,12812.686389770699,144.62102778253447,2.9339030487358793
1296,0.8204583548119307,650,19457884.66789667,29935.20718137949,382,97389.11545414412,254.94532841398984,23715.871200259633,465.593406124268,11.870086383173964
1096,3.0506387409688003,2559,76252158.01426551,29797.638927028333,867,181316.47831719273,209.13088617899967,24995.4729120269,284.2027764076268,5.943557848465909
1209,0.9455589130794729,1952,57514926.545297526,29464.614008861437,588,139765.57824525697,237.6965616415935,60826.38083118939,621.8544311374699,14.781266012296568
1297,0.41199810035267476,766,24514278.49324953,32002.97453426832,152,37430.86171885373,246.25566920298508,59500.95030114228,368.93373991260245,9.085202501373796
1148,3.3551103500099178,1561,40352854.404402226,25850.643436516482,467,92424.77143422392,197.9117161332418,12027.280832740105,139.19065284950153,2.754746097515115
1366,1.8538280193390066,3293,77501368.30811332,23535.186246010726,122,114943.79631586027,942.1622648841005,41806.126296303846,65.80977238843322,6.200348420499338
1149,1.9330367589242097,861,22834323.731379226,26520.70119788528,309,66894.67929205907,216.4876352493821,11812.669172461667,159.85210760915243,3.4606004765935166
1467,0.5090664740863329,1946,44143952.71953712,22684.456690409617,33,49805.23337248937,1509.2494961360414,86715.49781149156,64.82453997629298,9.783640429647084
1143,1.7715398278233525,3560,91079858.52605017,25584.2299230478,389,74744.30598351239,192.14474545890073,51412.82013284328,219.58298305827805,4.219171638683894
1067,0.31396678770719855,6947,128198211.6002689,18453.75148989044,27,29044.307855050043,1075.7151057425942,408317.7476715306,85.99635712163243,9.250758039457473
1477,0.10008775998788237,3552,64247523.05692149,18087.70356332249,2,7078.424799965152,3539.212399982576,641911.8887734119,19.9824633925481,7.072218222110413
1367,0.6439134319592366,3298,66164260.50388705,20061.93465854671,61,85258.17219923943,1397.6749540858923,102753.34729789522,94.73323116493344,13.240626451885658
1468,0.07462592942043457,1660,31850157.111168295,19186.84163323391,3,19568.62849599714,6522.876165332381,426797.4597907905,40.200504346127715,26.222291163369725
1469,0.2739012372336645,2841,56073755.45612761,19737.330325986484,54,62513.04752391401,1157.6490282206298,204722.53437939464,197.15135479265004,22.823207428809194
1478,0.36771631961295437,6995,130894747.29896097,18712.615768257467,189,73843.35097770866,390.70556072861723,355966.652327904,513.9831710459164,20.081608304856754
1035,0.34804620399616176,5527,103129734.99101163,18659.260899405035,29,42398.4678703669,1462.0161334609274,296310.47202040144,83.32227062680394,12.181850393298491
1476,0.0729804169323484,2054,40423684.21147162,19680.46943109621,33,31143.145866374674,943.7316929204446,553897.6880461465,452.1760958229444,42.67329124091445
1475,0.13841081453903994,2759,52518922.58138408,19035.492055594084,50,51547.738992471284,1030.9547798494257,379442.3344468554,361.2434488339571,37.24256602646595
1479,0.13306039005328524,3128,60576425.707819365,19365.864996105935,56,44485.90814645486,794.3912169009797,455255.1340302022,420.8615349584823,33.43287069024829
1031,0.4829763185856244,6065,142359481.80808392,23472.29708294871,28,60569.62218704842,2163.2007923945866,294754.5797379416,57.97385694188239,12.54090932748504
1030,0.801148742804657,5498,147098446.81102622,26754.90120244202,305,77105.06327293489,252.80348614077013,183609.40853013739,380.7033372258162,9.624313083611154
1063,1.2411578960512852,5991,171006186.68792287,28543.84688498128,615,98840.07429342516,160.71556795678887,137779.55829147526,495.505045696932,7.9635374844637035
1032,0.270684038368049,2503,47569937.54510837,19005.16881546479,40,21569.98158681457,539.2495396703642,175739.72160274757,147.77376693934207,7.96869357973959
1062,0.38906192447682925,3166,91717298.04877178,28969.456111425076,240,42732.953057020786,178.05397107091994,235739.58868399638,616.8683823859852,10.98358651119194
1029,0.48874511567817547,3674,108174594.4256058,29443.275564944423,354,50417.763113988934,142.42305964403653,221331.30532773578,724.3039135210483,10.315757947581735
1471,0.2280002953426428,2443,51912272.68143422,21249.395285073362,25,45210.78248287324,1808.4312993149297,227685.11156277038,109.64898077184316,19.829264876578208
1470,0.3324491140800479,1543,33026211.8763668,21403.896225772394,35,54548.76053603529,1558.536015315294,99342.156371079,105.27926987217843,16.408153376188846
1499,0.16893219373252366,3764,75696879.91144834,20110.754492945893,104,49674.25366170866,477.63705443950636,448090.31504854484,615.6316194216178,29.40484733203647
1236,0.30544320211784315,3309,94128058.83001213,28446.073989124245,30,46859.39318063734,1561.9797726879112,308168.7795876909,98.21793312795906,15.341442486108594
1235,1.2966976342123835,14236,414409375.8687788,29109.95896802324,261,81429.70291428914,311.9911989053224,319588.28714952647,201.28053997610004,6.279775698345412
1334,1.1581106321702184,2962,85529196.1686861,28875.48824060976,498,94884.41290403629,190.53094960649858,73852.35381909099,430.01073141586033,8.193035299764889
1306,3.956261299491466,2689,61306101.291982815,22798.84763554586,919,193656.37943542327,210.72511364028648,15495.96870658241,232.29001585869148,4.894933998932671
1329,1.6600156125908496,6322,179669884.54341474,28419.78559687041,1186,154731.0536917027,130.46463211779317,108233.85224853223,714.4511117874155,9.321060146549346
1331,2.0905776203765223,17566,522643908.844002,29753.154323352042,1403,236492.55808332504,168.5620513779936,249999.76262535114,671.1063900833844,11.312306980533528
1330,3.941699888906334,4241,112548422.92382681,26538.180364024243,1471,212140.5636264724,144.21520300915867,28553.270440651064,373.1892435900655,5.381956252517566
1107,2.6065029961841035,3936,104850610.8277199,26638.87470216461,1020,258620.90888730081,253.54991067382431,40226.54529122745,391.32891905103145,9.922141246947325
1239,0.52646579507518,2996,81391453.96885605,27166.706932194942,178,77097.93453568965,433.13446368364976,154599.69998095173,338.1036368651099,14.64443374230608
1238,0.45067977589653785,3080,74759074.59586929,24272.426816840678,13,139060.63475482576,10696.971904217366,165880.69532774345,28.84531477841242,30.855752175298363
1237,0.17167119232676858,2533,63426712.557507254,25040.154977302507,15,13447.556481296291,896.5037654197528,369466.2552164098,87.37633726832955,7.833321536964371
1234,2.174381653884867,17783,527873776.81531245,29684.18021792231,720,229969.45944019544,319.40202700027146,242769.60572776393,331.12862165370524,10.576315295399942
1177,0.9218111174759134,4053,90807810.63951007,22405.085279918596,180,154929.81827879843,860.7212126599912,98510.21420544197,195.26776862148589,16.807111060129593
1178,0.9098487884629475,3768,71816422.70894565,19059.560166917636,243,87964.71572664376,361.9947149244599,78932.26173358836,267.0773463473111,9.668058785377612
1176,0.18265395530431427,3742,82603068.92311165,22074.577478116422,30,19676.043701077302,655.8681233692434,452238.0519244116,164.24500608277495,10.772306391227957
1232,1.4256613620880858,10568,263910086.3736226,24972.56684080456,580,135200.07045012398,233.10356974159308,185114.14659305094,406.82872905421715,9.483322901597337
1233,1.9093708664900928,12455,292023502.9296827,23446.28686709616,469,138291.81153667317,294.8652698010089,152942.26389161148,245.63064631971721,7.242794679845961
1317,1.3716486841417852,10392,296040051.37503064,28487.302865187707,743,115329.5221432955,155.22142953337215,215827.89733090973,541.683893689499,8.408094833368722
1456,4.793941748445237,3359,70969910.39403772,21128.285321237785,1719,269388.28010181244,156.71220482944295,14804.0827607166,358.57757357137336,5.619348215676171
1495,1.8412205604877294,22228,635052170.0554234,28569.91947343096,589,155693.41740220712,264.33517385773706,344908.2547107781,319.89649292422473,8.455989507360528
1496,1.5578164299841397,23891,678641400.3410008,28405.734391235226,141,168831.7952322571,1197.3886186684902,435636.30943853257,90.51130626567826,10.837720798334114
1308,1.711072549920718,5116,123277402.30443399,24096.44298366575,538,90291.71231483796,167.82846155174343,72046.85874374292,314.4226701696127,5.276907301155735
1457,0.17387211273849038,888,14002869.47706413,15768.997158856004,40,7438.020254336756,185.9505063584189,80535.4536533695,230.05414364614856,4.277868450085377
1307,1.6766053313123626,2194,27491049.56022096,12530.104630912016,769,125616.09417491485,163.349927405611,16396.852047883174,458.66489008362237,7.492287649866225
1430,2.787501101457218,647,11740862.170869354,18146.618502116467,315,77805.4868035148,247.00154540798349,4211.966827468373,113.00443965217733,2.7912271232051
1429,3.565270928691394,655,11732154.084673036,17911.685625455015,396,77061.77056239972,194.6004307131306,3290.676730976862,111.0715028171362,2.1614562288169403
1447,2.2427958646804056,1141,19820662.910793085,17371.308423131537,669,148656.10729327102,222.20643840548732,8837.479693506344,298.28840445776876,6.628160397221627
1501,4.6878177294593595,358,6634631.296561906,18532.489655200854,1266,262676.63155479194,207.4854909595513,1415.2920782026802,270.06169460133987,5.6033883293727405
1291,6.441646866160657,755,14977951.667675503,19838.34657970265,2174,425874.2747485078,195.89433061108915,2325.1742883264637,337.4913349287253,6.611263914290554
1446,5.067116481307512,1620,26725484.55185768,16497.212686331903,625,191227.026076896,305.9632417230336,5274.298439841958,123.34431274781468,3.7738825776421083
1303,2.224540936493852,2936,42825099.468301885,14586.205540974757,362,82350.88890958457,227.48864339664246,19251.2076382822,162.73020381929055,3.7019273306509524
1293,3.620656060987063,2282,48988446.9273499,21467.32994187112,602,204635.81552132973,339.92660385602943,13530.268023854958,166.26820936863106,5.651898773990202
1091,12.61147690261274,149,4065760.0489592873,27286.980194357635,459,82171.21843949592,179.02226239541594,322.38571900464547,36.39542010380309,0.6515590447814433
1292,9.046742803377093,1103,26255670.315180708,23803.87154594806,1624,316608.2222827827,194.95580189826524,2902.2235832082715,179.51212224069982,3.499692974189504
1381,5.3967875134039,563,15395593.485227123,27345.63674107837,569,96688.71336039243,169.92744000068967,2852.732935471218,105.43309303669737,1.7915975591080526
1090,12.96132431858824,319,9828023.063351933,30808.849728375964,611,109951.689796743,179.95366578845008,758.2576302991862,47.14024469889592,0.8483059839730871
1497,2.1098922283303883,2402,44405623.95982606,18486.937535314762,669,182467.3695311763,272.7464417506372,21046.394390942594,317.07780663725976,8.648184351840918
1498,1.2430572661440538,2152,28104709.346396666,13059.809175834882,248,196959.42731090312,794.1912391568674,22609.34400357683,199.50810534199485,15.844758940339773
1175,0.12272938194746655,2359,45054370.14576818,19098.927573449844,13,6200.994026541552,476.9995405031963,367103.37354304764,105.92410548897377,5.052574964645258
1174,0.4785181380739453,2125,31761164.044654936,14946.430138661146,87,57492.247031091254,660.830425644727,66374.00239935501,181.8112900593037,12.014643219690658
1169,0.3430560721975546,2633,30559600.803534705,11606.380859678962,101,73439.2127606911,727.1209184226841,89080.48357160822,294.4125120800586,21.40734961787818
1230,0.8749147248019128,5041,57552674.92407632,11416.916271389868,219,53626.1745173106,244.8683767913726,65780.89646063125,250.31010885041766,6.1293030048673565
1462,1.751950200336901,1550,21801298.18571354,14065.353668202284,95,35650.989108971866,375.2735695681249,12444.017062540443,54.22528561698355,2.034931649433652
1071,1.724271523304913,4239,45421198.24477931,10715.073895913969,416,132609.8262179255,318.77362071616704,26342.25389149874,241.26130622551392,7.690774012421901
1070,0.8308428532070795,2239,30522850.123356946,13632.358250717707,84,43076.03003023825,512.8098813123602,36737.2121039951,101.10215147877527,5.1846182300255
1168,0.44133480316244506,3266,41123761.80229685,12591.476363226224,159,53542.13291089667,336.742974282369,93180.41882856029,360.270703467444,12.131862823242846
1227,0.7531567406558519,37475,953234125.4284676,25436.534367670916,107,136735.09316901996,1277.8980670001865,1265651.7215770883,142.06870127302315,18.154931873802322
1223,2.8214010123505373,13896,261476887.52879345,18816.70175077673,1133,266593.95158881426,235.29916292040093,92676.25778263772,401.5735427329724,9.448991845604825
1229,3.3111783803191273,38177,709675507.0873997,18589.085236854644,818,306546.1478208947,374.750791957084,214327.1746715748,247.04196091095588,9.25791704980117
1170,0.45396335553806016,2617,39305544.62943241,15019.313958514485,177,40785.00193858792,230.42373976603344,86583.07801704721,389.8993120055047,8.98420576045119
1226,0.45203604005374015,135346,2162437700.1166863,15977.108301070488,57,60865.245081563255,1067.811317220408,4783772.7714356715,126.09614046088798,13.464688584195036
1224,1.1923552080364967,19016,304232486.22357714,15998.763474104813,317,58841.11144360435,185.61864808707998,255152.56206627385,265.8603727005291,4.934864296059945
1228,1.050250005933249,22688,564160781.8312477,24866.0429227454,54,76144.88003722671,1410.090371059754,537168.082498544,51.416329154900374,7.250167065656392
1225,0.34947639169728084,11880,304744853.2393961,25651.92367334984,18,34111.21063889583,1895.0672577164348,872004.119532539,51.50562506548866,9.760662364982645
1463,0.8265899405904251,1848,34103613.54312198,18454.336332858213,309,66681.35256096859,215.79725747886275,41258.20055197152,373.82501870187815,8.067041381284987
1167,0.25166889254799807,2093,38136110.86206758,18220.788753974,99,35426.51711632506,357.8436072356067,151532.87510411837,393.3740042231036,14.076637266391018
1173,1.8437781121777803,5147,113508133.50619487,22053.26083275595,8,14439.75529599678,1804.9694119995975,61562.79476174312,4.3389168941542495,0.7831612275156715
1068,3.782214486370702,6809,140700706.67498145,20663.93107284204,1111,283568.9965694705,255.23762067459091,37200.61545478178,293.7432564978835,7.497432987772585
1231,1.1370713607863874,18636,331020631.58684903,17762.429254499304,464,122493.41947217118,263.9944385176103,291116.8489530142,408.0658576073028,10.772711695724702
1171,0.27923794605254243,2148,42770471.15218971,19911.76496843096,173,24120.471166426727,139.4246888232759,153168.5494640541,619.5433050759071,8.637963252275222
1166,0.27426570657576627,1975,40463465.21539084,20487.830488805488,21,29435.69265162347,1401.6996500773082,147533.81208529894,76.5680852418154,10.732545829054214
1069,0.7300122746919554,9097,171189516.68041727,18818.238614973867,222,57916.98965645066,260.8873407948228,234502.24416110595,304.10447563183476,7.933700797139336
1082,1.3014114889463688,18736,460991775.25667113,24604.59944794359,650,109049.4584803058,167.7683976620089,354224.4548877412,499.4577084348965,8.379321944406142
1164,0.6713054517386862,8268,159655006.780831,19309.991144270803,259,81108.50876470562,313.1602655007939,237827.66305163072,385.8154277299373,12.082206178220952
1418,1.228467964861348,106,4953464.678795387,46730.79885656026,15,16302.199755346954,1086.8133170231301,4032.2294276143084,12.210330614272866,1.327034991684697
1419,4.964107804893859,899,40165720.22460511,44678.220494555186,993,277842.4106968359,279.801017821587,8091.226420386719,200.03594583926082,5.597026124672903
1327,3.6461159163484953,337,15420038.009776419,45756.789346517566,281,61129.85092862966,217.54395348266783,4229.16834339684,77.06831226622529,1.676574533863143
1433,0.5790974515480296,91,4179559.274004246,45929.22279125545,14,13354.78057570015,953.9128982642964,7217.367755343331,24.175551045122944,2.306136996458967
1326,5.3022628237964256,292,13255483.062390307,45395.48993969283,217,44971.66456052711,207.24269382731387,2499.967184368912,40.92592299010704,0.8481598527838979
1480,2.7807599074151987,145,6390530.094642927,44072.62134236501,887,215443.21750775707,242.88976043715567,2298.1236451237246,318.9775563272176,7.747638224114721
1086,15.413618165847772,806,34066349.028322704,42265.94172248474,1333,367289.15648158104,275.53575129901054,2210.1461617755735,86.48196586013476,2.3828873437087608
1481,4.170191821572271,556,22586178.23670965,40622.622727895054,726,233155.6386232199,321.15101738735524,5416.100554385068,174.0927110941096,5.59100512875962
1085,6.1178171850026715,886,38910659.08228501,43917.222440502264,1020,280115.57561981643,274.6231133527612,6360.219324250374,166.72613272924315,4.578684964737045
1101,3.5823718259099033,1325,56040958.25945224,42295.062837322446,434,156553.34146503455,360.7219849424759,15643.534781657718,121.14878663935626,4.37010307899211
1254,2.4581351418226562,1303,56516128.64665432,43373.851609097714,467,149343.4601643184,319.7932765831229,22991.4652311381,189.9814180491839,6.075478016785657
1434,5.240427634992258,782,32543632.444177624,41615.89826621179,453,104310.77617246447,230.2666140672505,6210.110073245139,86.44332706269098,1.9905012231433772
1102,3.129021511543034,983,39643176.72433836,40328.76574195154,869,270487.3399920673,311.2627617860383,12669.512362920404,277.72260331040826,8.6444704516806
1105,5.4820845635549205,2169,87724899.07254691,40444.85895460899,1670,430053.8115416461,257.5172524201474,16002.10614329902,304.62864639159625,7.844713202723249
1348,0.6284391926000839,941,38889178.13842023,41327.500678448705,74,51166.152775637944,691.4344969680803,61882.16552427517,117.75204486186612,8.141782590602723
1099,3.2626703754536575,2177,86444044.2155227,39707.87515641833,864,250645.78956015222,290.0992934723984,26494.87513843721,264.8137570072077,7.682228380956236
1415,0.4998945101886652,1483,55741388.44965132,37586.91062012901,34,35488.02690690076,1043.7654972617872,111506.30245692028,68.01434964182354,7.099103147483501
1347,3.224247926066439,2285,93314523.48498423,40837.86585776115,1006,276082.7957464772,274.4361786744306,28941.48515397429,312.0107457826028,8.562703677793673
1349,0.14498863549392677,765,29403295.526436564,38435.68042671446,8,17077.12641232027,2134.640801540034,202797.2428754128,55.176738319846464,11.778251691344176
1103,1.0734547072460712,2451,93980798.03498499,38343.8588474031,122,82522.01621375655,676.4099689652177,87549.84947254184,113.65174438797591,7.687517289431363
1084,3.0990732162566372,4009,150887351.49401724,37637.15427638245,842,310803.0395519464,369.12475006169404,48687.89504633701,271.6941295814397,10.028902767497847
1346,3.421549421381518,2323,85608168.41052319,36852.41860117227,745,281515.98225785163,377.87380168839144,25020.29281691837,217.73761189724146,8.227733917816217
1104,1.0206533670937987,2774,98947750.82586826,35669.70109079606,68,145917.15701674175,2145.8405443638494,96945.49982979178,66.62399027166562,14.296445955224273
1384,16.039779270166505,494,22646557.34923283,45843.23350047132,682,160572.55051526506,235.4436224564004,1411.899563440672,42.51928835881794,1.001089527546835
1386,6.016567418849203,252,10216150.76306447,40540.28080581139,247,51743.060395166765,209.48607447435938,1698.0032054587246,41.05330877306849,0.8600096499053898
1328,4.401394314034152,679,29300465.741348308,43152.37958961459,208,47279.91452207806,227.30728135614453,6657.087198009443,47.25775178487815,1.074203108122414
1385,4.075611564229202,503,20896924.864048768,41544.5822346894,339,85011.31973911781,250.77085468766316,5127.310229330181,83.17770097997874,2.0858543165704146
1454,0.44280659012654433,283,10726499.29392823,37902.82436017042,52,43013.915237475456,827.1906776437588,24223.892627394805,117.43275994410912,9.713928427574448
1098,8.609930652300775,476,17293098.471729297,36330.038806153985,708,147280.7590683611,208.02367100051003,2008.5061274109303,82.2306274686203,1.7105916994697772
1389,3.2707348536016725,334,12535828.545572795,37532.42079512813,110,19241.254903825316,174.9204991256847,3832.7253986267256,33.63158584342905,0.588285378212092
1345,5.277397987920656,1582,62509729.74073942,39513.10350236373,1377,293223.9602005356,212.94405243321395,11844.801147045731,260.92403929963046,5.556222230570649
1455,3.5981596085314247,925,31692669.00320684,34262.34486833172,852,263118.49175605277,308.8245208404375,8808.022003265743,236.78771724852433,7.312585332017653
1435,4.610893689001912,1687,61711262.96138411,36580.47596999651,366,119600.48586262843,326.7772837776733,13383.796531370976,79.37723675412379,2.593867782028987
1436,1.502465781866105,1169,41638065.806629874,35618.53362414874,133,71726.51188422424,539.2970818362725,27713.154142461877,88.52115076778004,4.77391982898525
1336,1.523275981243576,770,26194299.058386583,34018.57020569686,424,87892.60416841868,207.29387775570444,17196.0297286392,278.3474598305251,5.769972431171971
1335,4.275283141044478,714,23897563.485597894,33469.976870585284,218,71495.6661711471,327.96177142728027,5589.70311373566,50.990774834796376,1.6723024841269405
1337,1.4588538121933106,764,24499632.400459535,32067.581675994155,131,69843.8766200537,533.1593635118603,16793.75424438561,89.79652306837265,4.787585708471164
1310,3.6063983445732086,388,13202340.660095764,34026.651185813826,264,49406.76297046757,187.1468294335893,3660.8104259925194,73.20322792329878,1.3699752010149757
1256,6.769967881524146,1129,43258130.7560908,38315.43911079787,374,126011.73159676617,336.929763627717,6389.709894214733,55.24398439476792,1.8613342603982446
1416,3.3352706440394737,2176,84235561.3683296,38711.195481769115,1091,239866.64831879985,219.85943933895496,25255.989800668376,327.10988595475663,7.191819612824229
1414,3.3872598971193035,4328,161404190.0295132,37293.01987742911,1178,304579.64638623263,258.5565758796542,47650.37078104915,347.7737273723314,8.991918413029437
1458,1.8790548336919515,4097,139186195.87096548,33972.71073247876,176,194432.02418952034,1104.7274101677292,74072.45034861148,93.66411072432444,10.347331046614636
1393,0.6516912617744727,2509,86536131.30328362,34490.28748636254,25,68243.69155029571,2729.7476620118287,132787.0057174876,38.36172351295331,10.47178250702285
1485,1.435076101417332,4859,179230737.71229318,36886.34239808462,470,122693.87531709632,261.0507985470134,124892.84542839124,327.50876384591123,8.549642433312037
1488,2.9050003346427147,3745,140009178.22241512,37385.62836379576,709,202892.4687300718,286.16709270814073,48195.92498932873,244.06193401943264,6.9842494099067105
1392,1.6169673428598292,3135,112955708.22349814,36030.528938914875,372,150627.24891287176,404.91195944320367,69856.51795769754,230.06030495462377,9.315416886927768
1487,0.3157181883293022,2869,99465812.02150367,34669.15720512502,18,24018.823346907207,1334.379074828178,315046.18896950677,57.012869911775674,7.6076780606174506
1486,0.29488574810313,4032,144973316.2076768,35955.68358325317,25,9149.566025632033,365.98264102528134,491625.37403121794,84.77859700176755,3.1027494833124885
1342,1.1462843685441142,346,12978506.422634508,37510.1341694639,494,101849.8761125267,206.17383828446702,11322.23973281464,430.9576345592369,8.885218965507253
1417,3.1097770788975567,1464,52773911.196137495,36047.753549274246,504,124687.7875359033,247.39640384107798,16970.319690839806,162.06949476220092,4.009541017650893
1341,2.465134185628619,955,32676695.556063447,34216.43513723921,602,132589.22637966226,220.24788435159843,13255.54436207324,244.20577326361143,5.378580490775656
1340,2.4509365515476795,720,22339610.219082892,31027.236415392905,869,230560.74654219614,265.31731477813133,9114.724004167396,354.5583419739109,9.407046722470445
1465,0.6931223418350195,3438,120268948.1134583,34982.24203416472,104,121534.9436423074,1168.6052273298787,173517.6329694554,150.04566109449493,17.53441438931942
1379,4.241738007018462,4723,162508491.6363774,34407.89575193254,1000,316139.59383828694,316.13959383828694,38311.77016767365,235.75241996214302,7.453067429322514
1377,0.8509393934920358,5887,196948871.66324332,33454.87882847687,51,90443.63780167403,1773.4046627779223,231448.7649408449,59.93376307413522,10.628681489349868
1343,2.7092389549995826,1978,62407702.73496254,31550.911392802092,430,154641.57308375035,359.6315653110473,23035.141518173008,158.71615872290832,5.707934060167616
1344,2.281727892372337,2003,65546985.699299395,32724.406240289263,410,103998.45811789273,253.65477589729934,28726.90732248072,179.68838500445318,4.557881702965221
1378,0.8620308229336019,5373,174572794.74943835,32490.749069316647,81,171702.10654063112,2119.7790930942115,202513.40219523085,93.96415748145358,19.918325652939732
1420,9.357696216235556,243,6585332.177133696,27100.13241618805,440,113205.59606225186,257.28544559602693,703.7343406925497,47.02012010569462,1.209759255337235
1421,0.4969427321798662,161,4193552.9367157784,26046.91265040856,23,24745.943892016192,1075.910604000704,8438.704633671836,46.282999047212655,4.979636945985058
1339,3.7256236190486125,1578,46353960.517232046,29375.13340762487,1392,323116.5605964407,232.12396594571888,12441.933286076048,373.62872429809903,8.672818127531432
1338,2.347671870718376,913,24988516.228430055,27369.67823486315,939,190485.2874291538,202.85973102146306,10643.956057105925,399.97071639857006,8.11379519450758
1491,1.605166821132184,677,16818980.864326317,24843.39861791184,613,154517.68732007066,252.0680054161022,10478.02673398349,381.89177095476487,9.626269698939053
1380,1.343700366962099,3257,110632272.94815983,33967.53851647523,487,134337.79945777034,275.84763749028815,82334.03492944075,362.4319915168532,9.997600861082411
