zone_id,production,attraction,out_degree,in_degree,weighted_degree,net_flow
1451,42.39726,41.347118,500,488,988,1.050142000000001
1490,2391.969243,2446.381433,499,480,979,-54.41219000000001
1452,2260.787705,2323.229447,507,498,1005,-62.44174199999998
1106,4517.953314,4607.971281,507,499,1006,-90.01796699999977
1255,575.214508,572.68609,488,472,960,2.528417999999988
1368,1751.618478,1797.51169,508,499,1007,-45.89321199999995
1489,2688.263771,2736.797535,507,499,1006,-48.53376400000025
1242,1003.23723,1024.768242,508,508,1016,-21.531012000000146
1450,296.289384,306.359395,508,508,1016,-10.070011000000022
1410,1169.481825,1197.525373,508,507,1015,-28.043547999999873
1241,2049.608609,2085.382239,508,501,1009,-35.77363000000014
1243,3893.723074,3936.261778,508,508,1016,-42.53870400000005
1411,1486.028061,1523.166684,508,507,1015,-37.13862300000005
1461,1052.305971,1074.561759,508,508,1016,-22.25578799999994
1460,541.143506,551.653664,488,497,985,-10.510158000000047
1369,937.2568219999999,934.395151,412,416,828,2.8616709999998875
1172,407.720703,451.033456,424,497,921,-43.31275299999999
1072,1434.9683400000001,1450.303711,485,492,977,-15.335370999999896
1181,556.239556,574.417583,419,434,853,-18.178027000000043
1179,372.631895,397.541806,430,481,911,-24.909911000000022
1083,627.479918,650.340451,419,434,853,-22.860533000000032
1180,427.039361,441.851048,419,434,853,-14.811687000000006
1245,1010.117245,1045.794566,419,434,853,-35.677321000000006
1246,235.030331,245.055944,419,434,853,-10.025613000000021
1318,5299.18556,5274.976905,499,495,994,24.208654999999453
1320,627.178308,638.529081,499,494,993,-11.350773000000004
1391,1699.7314820000001,1738.861326,499,497,996,-39.12984399999982
1319,2115.514499,2068.458335,499,495,994,47.05616400000008
1459,1116.798505,1102.878156,496,497,993,13.920348999999987
1356,902.940758,924.216062,499,497,996,-21.275304000000006
1357,1435.088839,1483.263199,496,495,991,-48.17435999999998
1390,3341.628793,3406.5236959999997,496,494,990,-64.89490299999989
1315,5871.689371,5745.023763,502,495,997,126.66560800000025
1314,1343.891787,1355.141623,506,507,1013,-11.24983599999996
1316,1262.749415,1242.656602,496,495,991,20.09281299999998
1355,727.432442,744.127771,505,498,1003,-16.695329000000015
1309,2208.117582,2237.164454,505,500,1005,-29.04687200000035
1483,2001.563329,1961.262586,505,498,1003,40.30074300000001
1484,4054.770231,4000.804556,505,498,1003,53.96567499999992
1482,9580.495201,9569.196252,505,506,1011,11.298948999999993
1466,957.226626,984.196783,505,497,1002,-26.970156999999972
1358,3024.071942,3060.135098,505,505,1010,-36.06315600000016
1359,4256.10725,4253.681114,505,506,1011,2.4261360000000423
1251,5577.552063,5635.764463,506,501,1007,-58.21240000000034
1253,3361.82034,3390.270634,506,501,1007,-28.450293999999758
1323,7236.44264,7285.066771,506,508,1014,-48.62413099999958
1321,4287.472638,4383.357114,507,508,1015,-95.88447600000018
1332,4103.485374,4188.632558,506,507,1013,-85.14718400000038
1333,2734.752012,2809.961095,507,508,1015,-75.20908300000019
1448,3936.815103,3926.278618,506,507,1013,10.536485000000084
1449,854.642078,875.80509,507,508,1015,-21.16301199999998
1431,2204.228958,2229.1122179999998,503,505,1008,-24.88325999999961
1432,588.103429,596.024457,503,503,1006,-7.921027999999978
1502,2108.956756,2153.393885,506,507,1013,-44.43712899999991
1298,5580.173179,5580.018257,506,507,1013,0.1549220000006244
1325,7163.0484,7139.838264,507,508,1015,23.210135999999693
1322,5532.816131,5643.199436,507,508,1015,-110.38330500000029
1250,2778.326651,2801.781775,508,508,1016,-23.45512400000007
1097,5788.058182,5845.721014,508,507,1015,-57.66283199999998
1464,1010.65066,1038.256402,507,508,1015,-27.605741999999964
1324,2145.196325,2200.66111,508,508,1016,-55.46478500000012
1252,3054.467699,3083.111674,508,508,1016,-28.64397500000041
1360,4432.125319,4482.475842,508,508,1016,-50.35052300000007
1240,6641.109377,6661.402862,508,508,1016,-20.293485000000146
1288,2604.288938,2654.506412,508,508,1016,-50.21747400000004
1425,2236.184699,2234.288388,508,508,1016,1.8963109999999688
1287,2470.905008,2578.072122,502,508,1010,-107.16711399999986
1427,1652.471525,1691.633387,508,508,1016,-39.161862000000156
1290,784.886447,795.1121929999999,484,486,970,-10.225745999999958
1289,605.840653,615.191994,484,486,970,-9.351341000000048
1281,1246.505437,1284.7975099999999,496,506,1002,-38.292072999999846
1492,1195.006928,1217.4868490000001,508,508,1016,-22.479921000000104
1493,2431.37968,2482.374372,508,508,1016,-50.994692000000214
1093,2294.924112,2307.969035,508,508,1016,-13.044922999999926
1286,2883.670693,2862.928992,508,508,1016,20.74170099999992
1284,2118.256321,2131.13425,508,508,1016,-12.877929000000222
1426,2798.1036,2810.512974,508,508,1016,-12.409374000000298
1428,3220.786815,3226.597727,508,508,1016,-5.810911999999917
1274,911.622428,937.247661,508,508,1016,-25.62523299999998
1273,1528.944602,1583.763633,508,508,1016,-54.819030999999995
1271,7904.653369,7894.322244,508,508,1016,10.331124999999702
1094,2014.350498,2071.551395,508,508,1016,-57.20089699999994
1201,850.397699,878.26805,508,508,1016,-27.870351000000028
1283,4347.264908,4430.525415,508,508,1016,-83.26050699999996
1374,2058.377464,2124.42924,508,508,1016,-66.05177599999979
1077,3760.218413,3806.174243,508,508,1016,-45.95582999999988
1285,3162.838645,3192.827598,508,508,1016,-29.988953000000038
1272,803.614513,806.411494,508,508,1016,-2.7969809999999597
1282,304.542389,311.93351,503,508,1011,-7.391120999999998
1279,1342.13073,1388.0536280000001,508,508,1016,-45.92289800000003
1280,234.474563,237.075989,487,486,973,-2.6014260000000036
1088,776.583474,790.440354,508,508,1016,-13.856879999999933
1376,3010.543939,3035.396292,422,434,856,-24.852352999999766
1412,1317.4773969999999,1366.840601,485,493,978,-49.36320400000022
1244,2397.474025,2421.473408,484,493,977,-23.999382999999852
1413,1309.863596,1318.886436,488,497,985,-9.022840000000087
1247,1045.963247,1052.745131,487,493,980,-6.781883999999991
1375,952.933183,982.535146,485,493,978,-29.60196300000007
1249,1082.491197,1094.540376,487,493,980,-12.049178999999867
1406,340.984891,348.824309,502,508,1010,-7.839418000000023
1405,133.877741,134.835892,500,506,1006,-0.9581510000000151
1407,1072.933244,1099.011633,502,508,1010,-26.078389000000016
1184,1163.885983,1165.314084,495,505,1000,-1.428101000000197
1138,1349.853883,1385.919305,508,508,1016,-36.0654219999999
1140,586.743752,597.232427,508,508,1016,-10.488675000000057
1036,1356.886288,1379.964398,506,508,1014,-23.07811000000015
1100,32.749716,31.77031,508,508,1016,0.9794060000000009
1131,1539.9133,1563.302607,508,508,1016,-23.389307000000144
1010,73.523608,73.722679,508,508,1016,-0.19907100000000355
1185,3055.102449,3063.397078,487,497,984,-8.294628999999986
1186,1247.197481,1286.412921,490,497,987,-39.21544000000017
1364,427.11888,440.529373,493,498,991,-13.41049300000003
1365,5301.095173,5171.783217,491,497,988,129.31195599999955
1147,719.073001,730.171587,508,508,1016,-11.098586000000068
1012,1094.980621,1123.208844,508,508,1016,-28.22822300000007
1132,2000.681969,2021.754311,508,508,1016,-21.072341999999935
1019,1392.173711,1417.268263,508,508,1016,-25.09455200000002
1079,333.118099,332.534957,508,508,1016,0.5831419999999525
1038,734.418836,752.764374,508,508,1016,-18.34553799999992
1040,1727.168533,1750.288005,508,508,1016,-23.119472000000087
1041,1862.67933,1873.673115,508,508,1016,-10.993785000000116
1157,3825.392894,3797.568684,508,508,1016,27.82421000000022
1403,2403.587663,2409.847595,508,508,1016,-6.25993200000039
1402,554.301504,561.83211,508,508,1016,-7.530605999999921
1199,4749.746239,4734.506464,508,508,1016,15.239775000000009
1044,1262.665326,1248.523021,508,508,1016,14.142305000000079
1195,4069.584153,4020.363665,508,508,1016,49.22048799999993
1155,709.041588,730.935464,506,507,1013,-21.893875999999977
1018,882.453646,869.660343,508,508,1016,12.793303000000037
1130,1380.115606,1365.955445,508,508,1016,14.160161000000016
1136,492.870145,509.688827,506,508,1014,-16.818682000000024
1142,1660.77281,1635.315177,508,508,1016,25.457632999999987
1139,1144.669495,1173.077422,507,508,1015,-28.407926999999972
1137,580.694259,583.88229,508,508,1016,-3.1880310000000236
1135,358.232438,364.754325,508,508,1016,-6.521886999999992
1008,2712.738381,2727.239911,508,508,1016,-14.501530000000002
1009,17.055977,16.714138,508,508,1016,0.3418390000000002
1129,1197.787421,1203.903304,508,508,1016,-6.11588299999994
1146,964.677068,970.094561,508,508,1016,-5.417493000000036
1080,250.021381,243.577176,508,508,1016,6.444204999999982
1059,2287.634492,2264.488905,508,508,1016,23.145586999999978
1163,1098.606603,1107.780328,508,508,1016,-9.173725000000104
1205,1940.208338,1945.530668,508,508,1016,-5.322330000000193
1508,3564.696134,3586.538272,508,508,1016,-21.842137999999977
1507,2679.2760279999998,2684.037808,508,508,1016,-4.761780000000272
1060,2830.106928,2798.251263,508,508,1016,31.855665000000045
1058,801.602792,794.480527,508,508,1016,7.12226499999997
1161,1569.172512,1573.825412,508,508,1016,-4.652899999999818
1056,2153.091359,2165.70945,508,508,1016,-12.618090999999822
1024,2644.691383,2637.400401,508,508,1016,7.290981999999985
1160,4242.861027,4221.414098,508,508,1016,21.446928999999727
1055,1553.121238,1551.577564,508,508,1016,1.54367400000001
1054,1015.173589,1024.044711,508,508,1016,-8.871122000000014
1162,2010.375669,2026.244407,508,508,1016,-15.868737999999894
1133,2319.289698,2314.431366,508,508,1016,4.858332000000246
1159,1773.569026,1806.733981,508,508,1016,-33.16495500000019
1134,1439.596207,1452.25099,508,508,1016,-12.654782999999952
1095,3428.824764,3493.758883,508,508,1016,-64.93411900000001
1092,4401.089297,4452.785868,508,508,1016,-51.696570999999494
1204,4653.04882,4690.611029,508,508,1016,-37.56220899999971
1313,2983.439824,2984.803365,508,508,1016,-1.3635410000001684
1311,2038.323114,2054.324564,508,508,1016,-16.001449999999977
1312,4240.613892,4210.888898,508,508,1016,29.72499400000015
1017,2713.161537,2688.026344,508,508,1016,25.135193000000072
1023,584.888242,591.722111,508,508,1016,-6.83386900000005
1053,648.230509,656.849942,508,508,1016,-8.619433000000072
1016,685.131907,693.724598,508,508,1016,-8.592691000000059
1022,1575.740029,1558.532132,508,508,1016,17.207897000000003
1158,1545.744056,1558.292395,508,508,1016,-12.548338999999942
1052,1739.90196,1753.59223,508,508,1016,-13.690270000000055
1051,1331.423355,1368.661927,508,508,1016,-37.238572000000204
1048,1837.783757,1886.851561,508,508,1016,-49.067804000000024
1011,2165.615322,2163.576514,508,508,1016,2.0388080000002446
1015,2059.27254,2083.359051,508,508,1016,-24.086510999999973
1145,1635.122406,1627.667544,508,508,1016,7.454862000000048
1014,2292.034271,2309.147607,508,508,1016,-17.11333599999989
1021,834.688856,825.657656,508,508,1016,9.031200000000013
1020,1566.246129,1562.613228,508,508,1016,3.6329010000001745
1050,511.000141,523.388084,508,508,1016,-12.387943000000064
1013,935.104251,938.556421,508,508,1016,-3.4521700000000237
1049,1445.447429,1454.633971,508,508,1016,-9.186541999999918
1047,1015.728,1026.784504,508,508,1016,-11.056504000000018
1203,882.5241120000001,899.374898,508,508,1016,-16.85078599999997
1078,5223.31111,5230.158965,508,508,1016,-6.847854999999981
1202,705.178675,717.135803,508,508,1016,-11.957128000000012
1046,1996.256451,2039.444815,508,508,1016,-43.18836400000009
1200,2793.668324,2807.962309,508,508,1016,-14.293984999999793
1383,2861.202703,2904.171221,508,504,1012,-42.96851800000013
1352,10844.043069,10831.023946,508,508,1016,13.019123000000036
1350,4947.163513,4996.805612,508,508,1016,-49.64209899999969
1353,986.915838,1018.701089,508,508,1016,-31.785251000000017
1354,1247.220561,1252.099129,508,503,1011,-4.878567999999859
1453,3045.907786,2552.646541,508,508,1016,493.26124500000014
1472,2821.654404,2497.287929,508,508,1016,324.3664749999998
1500,1878.293916,1773.117202,508,508,1016,105.17671400000017
1473,13646.451809,11870.691099,508,508,1016,1775.7607100000005
1362,786.882859,780.610993,506,508,1014,6.2718660000000455
1474,16045.54148,14396.755945,508,508,1016,1648.785534999999
1363,261.983423,265.96365099999997,508,508,1016,-3.980227999999954
1361,95.572305,93.701557,508,508,1016,1.870748000000006
1114,565.960348,563.413168,508,508,1016,2.547179999999912
1115,850.141187,832.980041,508,508,1016,17.161145999999917
1034,854.626292,832.408064,508,508,1016,22.218228000000067
1028,3171.898017,3155.247792,508,508,1016,16.650224999999864
1033,450.924958,446.020619,508,508,1016,4.904338999999993
1027,2182.620954,2157.540126,508,508,1016,25.08082800000011
1061,2698.915542,2671.384889,508,508,1016,27.530653000000257
1437,151.430391,151.04942,508,508,1016,0.3809709999999882
1438,1832.757881,1795.617064,508,508,1016,37.14081699999997
1076,333.11198,329.426992,508,508,1016,3.6849880000000326
1006,306.009077,303.062867,508,508,1016,2.9462100000000078
1112,982.497937,967.179359,508,508,1016,15.318578000000002
1002,2761.138897,2728.5033,508,508,1016,32.63559699999996
1113,1483.873212,1457.910964,508,508,1016,25.962248000000045
1110,4740.284332,4658.143243,508,508,1016,82.14108899999974
1123,2230.88012,2204.50339,508,508,1016,26.376729999999952
1125,2430.743235,2399.59227,508,508,1016,31.150964999999815
1057,1935.954019,1916.16531,508,508,1016,19.788708999999926
1026,1867.128914,1845.99008,508,508,1016,21.13883399999986
1025,2243.008485,2232.365565,508,508,1016,10.642919999999776
1150,1436.971161,1474.373664,495,505,1000,-37.402503000000024
1400,1025.64197,1034.76046,502,508,1010,-9.118490000000065
1144,809.99378,813.1011129999999,504,508,1012,-3.107332999999926
1151,1246.8292959999999,1247.198203,502,508,1010,-0.3689070000000356
1401,622.852551,626.865427,504,508,1012,-4.012876000000006
1399,162.936283,163.117881,504,508,1012,-0.18159800000000814
1396,1015.49776,1032.368088,504,508,1012,-16.870327999999972
1398,652.454727,655.331129,503,508,1011,-2.8764019999999846
1182,1149.470342,1155.563976,500,505,1005,-6.093633999999838
1183,649.677101,669.961189,492,498,990,-20.284087999999997
1404,1156.717492,1188.107348,495,504,999,-31.38985600000001
1153,944.565621,962.070429,502,508,1010,-17.504808000000025
1152,1985.52396,1984.930449,506,508,1014,0.593511000000035
1395,716.447431,701.988322,508,508,1016,14.459109000000012
1122,37.118546,37.45579,508,508,1016,-0.3372439999999983
1001,6312.906033,6181.8645,508,508,1016,131.04153300000053
1116,391.582639,384.888927,508,508,1016,6.693711999999948
1117,389.50904,379.92620900000003,508,508,1016,9.582830999999999
1121,3.7949859999999997,3.746173,508,508,1016,0.04881299999999955
1120,2395.943703,2343.629926,508,508,1016,52.313776999999845
1119,1618.986208,1593.127889,508,508,1016,25.858318999999938
1141,2631.040355,2577.558834,508,508,1016,53.48152100000016
1397,1952.996588,1955.9316019999999,506,508,1014,-2.93501399999991
1394,1798.918799,1804.916841,508,508,1016,-5.998041999999941
1111,1904.02847,1865.346811,508,508,1016,38.68165900000008
1108,2244.813024,2230.151803,508,508,1016,14.661220999999841
1109,796.346385,783.696128,508,508,1016,12.65025700000001
1124,801.016365,787.514992,508,508,1016,13.501372999999944
1118,462.773232,455.981797,508,508,1016,6.791435000000035
1004,4638.559622,4608.802853,508,508,1016,29.756768999999622
1126,574.315809,567.986092,508,508,1016,6.32971699999996
1128,1288.575687,1276.555028,508,508,1016,12.020659000000023
1127,617.646328,607.255505,508,508,1016,10.390823000000069
1003,593.493806,585.41667,508,508,1016,8.077135999999996
1005,1987.111188,1973.249425,508,508,1016,13.86176300000011
1007,199.414301,200.31016,508,508,1016,-0.8958590000000015
1037,492.140531,504.419859,508,508,1016,-12.279327999999964
1042,1075.100348,1088.225264,508,508,1016,-13.124915999999985
1039,947.686086,968.835189,508,508,1016,-21.14910299999997
1043,384.81814,382.779439,508,508,1016,2.038701000000003
1408,2297.59004,2345.190359,508,508,1016,-47.60031900000013
1196,2009.883205,2019.358839,508,508,1016,-9.4756339999999
1045,2047.648516,2005.835303,508,508,1016,41.813212999999905
1248,946.456351,954.616984,487,493,980,-8.160632999999962
1073,402.486091,418.54411,492,493,985,-16.058019
1190,948.543052,967.257612,503,506,1009,-18.714560000000006
1187,672.628833,691.802656,487,493,980,-19.17382299999997
1154,601.4407199999999,616.498614,508,508,1016,-15.057894000000033
1156,1968.1916879999999,1978.099932,508,508,1016,-9.908244000000195
1193,721.203091,737.311716,508,508,1016,-16.108625000000075
1192,1245.983933,1266.743201,508,508,1016,-20.75926800000002
1189,1367.789287,1375.485814,507,508,1015,-7.696526999999833
1439,500.90087,496.447212,508,508,1016,4.4536580000000185
1371,1439.370078,1470.75714,508,508,1016,-31.387062000000014
1194,1577.246761,1576.115662,508,508,1016,1.1310990000001766
1372,1547.007546,1563.133677,508,508,1016,-16.126130999999987
1373,1170.661583,1192.6458440000001,508,508,1016,-21.98426100000006
1197,2600.547617,2639.05109,508,508,1016,-38.50347299999976
1265,314.737759,329.923414,508,508,1016,-15.185654999999997
1445,1020.862456,1048.35032,508,508,1016,-27.48786400000006
1444,3318.896248,3422.093236,508,508,1016,-103.19698800000015
1269,1302.228542,1339.958735,508,508,1016,-37.73019299999987
1198,1095.590762,1132.910922,508,508,1016,-37.32015999999999
1264,911.645888,927.67659,508,508,1016,-16.03070200000002
1266,344.018959,355.302283,508,508,1016,-11.283323999999993
1270,581.752058,601.636145,508,508,1016,-19.884087000000022
1276,1961.295642,2037.444688,508,508,1016,-76.149046
1275,3588.5605330000003,3590.938988,508,508,1016,-2.378454999999576
1268,833.4619,840.290241,508,508,1016,-6.828341000000023
1277,2472.00864,2475.597519,508,508,1016,-3.5888789999999062
1409,1028.262648,1048.349682,508,508,1016,-20.08703400000013
1262,452.927352,466.282233,508,508,1016,-13.354881000000034
1263,521.111453,534.612997,508,508,1016,-13.501543999999967
1261,429.486393,440.161049,508,508,1016,-10.67465599999997
1423,508.721779,520.085642,508,508,1016,-11.36386299999998
1257,817.1966189999999,833.779512,508,508,1016,-16.582893000000013
1424,1399.57441,1405.724812,508,508,1016,-6.1504019999999855
1267,595.124791,614.666225,508,508,1016,-19.541434000000095
1278,418.846002,431.513078,508,508,1016,-12.667076000000009
1388,515.071592,521.610975,508,508,1016,-6.5393830000000435
1422,799.844884,819.537858,508,508,1016,-19.69297400000005
1387,680.611325,696.895383,508,508,1016,-16.284058000000073
1188,1138.617131,1141.255825,487,493,980,-2.6386939999999868
1074,499.020293,516.882703,508,508,1016,-17.86241000000001
1191,694.6083,720.731957,508,508,1016,-26.12365699999998
1442,1058.950696,1092.703736,508,508,1016,-33.75303999999983
1443,187.197196,187.51846,508,508,1016,-0.32126400000001354
1440,334.805501,347.409082,508,508,1016,-12.60358100000002
1087,2955.32184,2952.001519,508,508,1016,3.320321000000149
1075,626.67613,633.187831,508,508,1016,-6.511701000000016
1441,115.231536,118.508715,508,508,1016,-3.2771789999999896
1259,603.387669,620.020883,508,508,1016,-16.633214000000066
1370,449.87321000000003,461.732272,508,508,1016,-11.859061999999994
1258,293.569191,299.743651,508,508,1016,-6.1744600000000105
1089,2703.5098,2704.013629,508,508,1016,-0.5038290000002235
1260,350.662567,357.470454,508,508,1016,-6.807886999999994
1065,3273.186979,3234.980761,508,508,1016,38.20621800000026
1165,1114.707828,1104.193024,508,508,1016,10.51480400000014
1066,1712.605798,1688.911169,508,508,1016,23.694629000000077
1064,3011.681467,3017.639468,508,508,1016,-5.9580009999999675
1302,2748.342795,2792.725885,507,508,1015,-44.38308999999981
1304,792.442404,796.327838,507,508,1015,-3.885434000000032
1305,354.732755,364.051682,507,508,1015,-9.31892700000003
1300,7147.877918,7170.514276,507,508,1015,-22.636357999999746
1506,6384.141358,6410.367816,507,508,1015,-26.226458000000093
1301,1918.445979,1963.275752,507,508,1015,-44.82977299999993
1222,2795.034241,2803.509214,507,508,1015,-8.474973000000318
1221,1996.5287,2021.862639,507,508,1015,-25.333938999999873
1219,2593.028714,2633.478966,507,508,1015,-40.45025200000009
1299,2831.661217,2842.609601,508,508,1016,-10.94838400000026
1504,4278.675584,4314.499312,508,508,1016,-35.8237280000003
1503,1409.908339,1409.463388,507,508,1015,0.44495100000017374
1494,1535.564738,1559.486649,508,508,1016,-23.92191099999991
1382,871.453137,872.580838,508,508,1016,-1.1277010000000018
1505,2136.895098,2092.180423,508,508,1016,44.71467500000017
1217,5937.477081,5961.856036,508,508,1016,-24.378955000000133
1214,1297.397449,1330.650788,508,508,1016,-33.25333899999987
1220,1254.193465,1261.447608,507,508,1015,-7.254142999999885
1215,810.436069,808.790044,507,508,1015,1.6460250000000087
1212,328.28734000000003,330.615026,507,508,1015,-2.3276859999999715
1213,2243.739352,2243.42371,508,508,1016,0.3156420000000253
1210,1610.078551,1611.303202,508,508,1016,-1.2246509999999944
1081,3631.713272,3615.453067,508,508,1016,16.26020500000004
1218,1448.685482,1460.865042,508,508,1016,-12.17955999999981
1216,1947.464562,1933.315447,508,508,1016,14.149114999999938
1211,767.50376,789.091273,508,508,1016,-21.587512999999944
1208,2770.669552,2772.014071,508,508,1016,-1.3445190000002185
1207,1825.595914,1828.325705,508,508,1016,-2.7297909999999774
1206,2031.436135,2062.29036,508,508,1016,-30.854225000000042
1294,1970.970126,1989.774128,508,508,1016,-18.804002000000082
1295,3507.507259,3531.783801,508,508,1016,-24.276542000000063
1351,2232.016113,2273.829378,508,508,1016,-41.813264999999774
1296,1022.036972,1047.906122,508,508,1016,-25.869150000000104
1096,2595.350377,2644.952061,508,508,1016,-49.60168399999975
1209,2747.512045,2803.688607,508,508,1016,-56.176562000000104
1297,307.692906,318.536014,508,508,1016,-10.84310800000003
1148,2347.610505,2334.780529,495,496,991,12.829975999999988
1366,8866.723964,8701.517937999999,501,505,1006,165.20602600000166
1149,643.41931,657.6409189999999,490,494,984,-14.221608999999944
1467,30.774547,30.021839,508,508,1016,0.7527079999999984
1143,1457.739658,1465.9884729999999,496,505,1001,-8.248814999999922
1067,1646.891836,1588.02356,508,508,1016,58.86827599999992
1477,353.81721,345.291345,508,508,1016,8.52586500000001
1367,3073.520511,2774.424564,508,508,1016,299.09594700000025
1468,1268.0694330000001,1239.979934,508,508,1016,28.08949900000016
1469,5356.368261,4749.319817,508,508,1016,607.048444
1478,2874.1326090000002,2798.431272,508,508,1016,75.70133700000042
1035,194.833509,190.893972,508,508,1016,3.9395370000000014
1476,2760.780728,2587.716934,508,508,1016,173.06379400000014
1475,5349.637969,5184.862491,508,508,1016,164.77547800000048
1479,4655.611835,4568.392725,508,508,1016,87.21911
1031,2652.71361,2620.000719,508,508,1016,32.71289099999967
1030,3185.5957,3170.149563,508,508,1016,15.446136999999908
1063,1587.726838,1609.073773,508,508,1016,-21.34693500000003
1032,1454.343392,1441.826411,508,508,1016,12.516980999999987
1062,1782.07564,1779.135341,508,508,1016,2.9402990000000955
1029,852.417016,864.480316,508,508,1016,-12.063300000000027
1471,5543.02474,5277.413635,508,508,1016,265.61110499999995
1470,2845.958802,2452.0386829999998,508,508,1016,393.92011900000034
1499,2022.591526,1943.166827,508,508,1016,79.42469899999992
1236,6463.413387,6487.328231,508,508,1016,-23.914844000000812
1235,2598.34619,2632.998832,508,508,1016,-34.652642000000014
1334,1761.313244,1789.480548,507,508,1015,-28.16730400000006
1306,3587.42126,3624.436783,507,508,1015,-37.01552300000003
1329,2955.017852,3019.884958,507,508,1015,-64.86710600000015
1331,3375.239333,3447.902025,507,508,1015,-72.66269199999988
1330,3159.943549,3254.197749,507,508,1015,-94.25419999999986
1107,5607.468555,5689.974968,508,508,1016,-82.50641300000007
1239,6000.211061,6066.807272,508,508,1016,-66.59621100000004
1238,14072.360155,14212.263122,508,508,1016,-139.902967
1237,1492.520624,1502.176765,508,508,1016,-9.656140999999934
1234,4864.987699,4900.102196,508,508,1016,-35.114496999999574
1177,8184.393133,8366.354408,508,508,1016,-181.96127499999966
1178,4601.3882889999995,4655.564431,508,508,1016,-54.176142000000254
1176,2870.279901,2893.776296,508,508,1016,-23.49639500000012
1232,2170.391543,2212.683306,508,508,1016,-42.29176299999972
1233,4387.871242,4413.60145,508,508,1016,-25.730207999999948
1317,2233.625101,2269.699607,507,508,1015,-36.07450599999993
1456,4228.714848,4329.142967,507,508,1015,-100.42811900000015
1495,5985.384688,6019.425599,508,508,1016,-34.04091100000005
1496,6808.13835,6753.211143,508,508,1016,54.927206999999726
1308,1323.302874,1349.515327,507,508,1015,-26.212453000000096
1457,112.747202,114.683773,507,508,1015,-1.9365710000000007
1307,2768.758996,2799.848577,507,508,1015,-31.08958100000018
1430,2060.276344,2037.308218,506,507,1013,22.968125999999984
1429,818.838385,832.735664,506,507,1013,-13.897279000000026
1447,1758.480933,1776.15068,506,507,1013,-17.669746999999916
1501,2839.0646030000003,2905.120045,506,507,1013,-66.05544199999986
1291,6828.615138,6897.785694,508,508,1016,-69.17055600000003
1446,2298.291736,2309.154626,507,508,1015,-10.86288999999988
1303,1660.041496,1686.791998,507,508,1015,-26.75050199999987
1293,6139.020407,6115.371738,508,508,1016,23.648669000000154
1091,547.906527,502.372771,410,376,786,45.53375599999998
1292,4557.0752,4618.2549770000005,508,508,1016,-61.179777000000286
1381,1207.342937,1228.996378,503,494,997,-21.653441000000157
1090,852.405568,847.425553,434,420,854,4.98001499999998
1497,1766.277333,1798.932785,508,508,1016,-32.65545199999997
1498,7333.085022,7279.523144,508,508,1016,53.56187800000043
1175,1453.614405,1462.600033,508,508,1016,-8.985627999999906
1174,7209.469851,7238.39278,508,508,1016,-28.922929000000295
1169,6473.819198,6444.096237,508,508,1016,29.722961000000396
1230,3085.130077,3055.200799,508,508,1016,29.929277999999613
1462,358.977803,358.367741,508,508,1016,0.6100619999999708
1071,8858.009286,8895.242739,508,508,1016,-37.23345299999892
1070,2217.972052,2218.748815,508,508,1016,-0.7767629999998462
1168,3969.951999,3932.916279,508,508,1016,37.035719999999856
1227,2349.150103,2336.671856,508,508,1016,12.47824700000001
1223,5949.428629,5967.949123,507,508,1015,-18.520494000000326
1229,7899.30202,7940.541674,508,508,1016,-41.23965399999997
1170,1532.512037,1554.912242,508,508,1016,-22.400205000000142
1226,88.923609,87.043925,508,508,1016,1.8796839999999975
1224,1365.789816,1382.295962,507,508,1015,-16.506145999999944
1228,1117.888404,1098.559095,508,508,1016,19.329308999999967
1225,1734.766197,1717.647493,508,508,1016,17.11870399999998
1463,635.252863,648.912594,508,508,1016,-13.659730999999965
1167,1334.229101,1323.696754,508,508,1016,10.532346999999845
1173,317.95578,316.527756,500,505,1005,1.4280239999999935
1068,3955.394598,3985.127231,508,508,1016,-29.732633000000078
1231,6095.699675,6107.633364,508,508,1016,-11.933689000000413
1171,739.391842,741.746082,508,508,1016,-2.3542400000000043
1166,3804.16218,3726.549208,508,508,1016,77.6129719999999
1069,1896.078342,1920.96424,508,508,1016,-24.885897999999997
1082,2691.587211,2696.737194,508,508,1016,-5.149982999999793
1164,3376.838003,3342.114126,508,508,1016,34.7238769999999
1418,884.218936,869.649974,499,497,996,14.568961999999942
1419,2976.812035,3002.608217,499,497,996,-25.796182000000044
1327,666.05292,685.838123,495,494,989,-19.785203000000024
1433,279.797092,277.467504,499,497,996,2.329588000000001
1326,897.547847,905.020231,499,497,996,-7.47238399999992
1480,2127.764822,2164.300593,480,474,954,-36.53577099999984
1086,2526.474015,2568.109492,478,474,952,-41.635477000000265
1481,1690.128078,1723.429242,478,474,952,-33.30116399999997
1085,3070.790293,3096.036295,498,497,995,-25.246001999999862
1101,1065.18815,1081.394216,498,497,995,-16.206065999999964
1254,1262.483506,1279.450513,499,497,996,-16.967006999999967
1434,1716.280209,1757.094986,499,497,996,-40.81477700000005
1102,3736.54425,3793.503302,499,497,996,-56.959052000000156
1105,4423.734126,4501.361692,497,483,980,-77.62756600000012
1348,763.69128,765.519824,498,497,995,-1.8285439999999653
1099,5166.461508,5190.136493,498,497,995,-23.67498499999965
1415,2136.714528,2145.833277,498,493,991,-9.118749000000207
1347,4030.794476,4066.620076,499,497,996,-35.82560000000012
1349,1116.161099,1128.841138,499,497,996,-12.680039000000079
1103,8359.98868,8296.607731,499,497,996,63.38094900000033
1084,11481.040687,11685.938497,499,497,996,-204.89780999999857
1346,5501.255148,5554.871834,499,497,996,-53.61668599999939
1104,11232.596463,11352.418808,499,497,996,-119.8223450000005
1384,1243.5195879999999,1270.679724,495,493,988,-27.160136000000193
1386,364.58331499999997,370.00602,495,490,985,-5.422705000000008
1328,536.842276,553.402162,495,494,989,-16.559886000000006
1385,965.613785,972.191779,495,493,988,-6.57799399999999
1454,5527.449494,5365.808103,495,493,988,161.6413910000001
1098,1016.72032,1019.8083,492,490,982,-3.087980000000016
1389,229.092591,234.755468,493,490,983,-5.662877000000009
1345,4106.437141,4204.86708,499,494,993,-98.42993899999965
1455,8345.32616,8326.866527,495,493,988,18.459633000000395
1435,3503.421861,3515.181653,495,493,988,-11.759792000000289
1436,2945.505173,2934.05132,499,494,993,11.453852999999981
1336,1159.390705,1175.04125,493,490,983,-15.650544999999966
1335,1441.922029,1438.184058,494,492,986,3.737971000000016
1337,3024.699,2996.339072,495,493,988,28.359927999999854
1310,341.804534,341.922141,492,490,982,-0.11760700000002089
1256,914.84886,931.217005,471,459,930,-16.368145000000027
1416,2657.115128,2721.666687,498,485,983,-64.551559
1414,6223.210992,6297.183301,498,497,995,-73.97230899999977
1458,5142.87117,5069.844973,496,497,993,73.02619700000014
1393,5268.974264,5364.113633,499,497,996,-95.13936899999953
1485,3459.270514,3490.334691,498,497,995,-31.0641770000002
1488,1998.282679,2045.501591,498,482,980,-47.218912000000046
1392,6320.099823,6361.272901,499,497,996,-41.173078000000714
1487,2799.417138,2760.478859,498,497,995,38.938278999999966
1486,1239.256063,1224.875984,499,485,984,14.380079000000023
1342,1183.622143,1213.34186,469,459,928,-29.719716999999946
1417,2039.047304,2064.624249,478,474,952,-25.576945000000023
1341,1859.709084,1907.084362,478,470,948,-47.37527799999998
1340,5232.446359,5278.83666,468,465,933,-46.39030100000036
1465,6743.575522,6756.826244,499,493,992,-13.250721999999769
1379,8335.328900999999,8467.987066,499,498,997,-132.65816500000074
1377,5812.777915,5855.024196,506,500,1006,-42.246281000000636
1343,1916.857176,1943.939702,486,479,965,-27.082525999999916
1344,2777.847932,2787.284788,500,498,998,-9.436855999999807
1378,14997.681576,15118.392454,499,497,996,-120.71087799999987
1420,806.062637,813.817112,478,453,931,-7.754474999999957
1421,1463.803329,1413.355218,477,451,928,50.448111000000154
1339,5506.690435,5564.045644,488,481,969,-57.35520899999938
1338,3546.132425,3536.290845,478,464,942,9.841579999999794
1491,1677.8876970000001,1703.586638,488,476,964,-25.698940999999877
1380,4151.436122,4197.722936,506,500,1006,-46.28681400000005
